project_id,trace_id,date,value,unit,fuel,estimated
ABC,DEF,2011-01-01T00:00:00+0000,57.8,kWh,electricity,False
ABC,DEF,2011-01-02T00:00:00+0000,64.8,kWh,electricity,False
ABC,DEF,2011-01-03T00:00:00+0000,49.5,kWh,electricity,False
ABC,DEF,2011-01-04T00:00:00+0000,80.0,kWh,electricity,False
ABC,DEF,2011-01-05T00:00:00+0000,51.7,kWh,electricity,False
ABC,DEF,2011-01-06T00:00:00+0000,44.5,kWh,electricity,False
ABC,DEF,2011-01-07T00:00:00+0000,56.2,kWh,electricity,False
ABC,DEF,2011-01-08T00:00:00+0000,64.1,kWh,electricity,False
ABC,DEF,2011-01-09T00:00:00+0000,86.1,kWh,electricity,False
ABC,DEF,2011-01-10T00:00:00+0000,57.6,kWh,electricity,False
ABC,DEF,2011-01-11T00:00:00+0000,52.4,kWh,electricity,False
ABC,DEF,2011-01-12T00:00:00+0000,97.3,kWh,electricity,False
ABC,DEF,2011-01-13T00:00:00+0000,51.4,kWh,electricity,False
ABC,DEF,2011-01-14T00:00:00+0000,107.0,kWh,electricity,False
ABC,DEF,2011-01-15T00:00:00+0000,54.8,kWh,electricity,False
ABC,DEF,2011-01-16T00:00:00+0000,66.4,kWh,electricity,False
ABC,DEF,2011-01-17T00:00:00+0000,60.6,kWh,electricity,False
ABC,DEF,2011-01-18T00:00:00+0000,41.7,kWh,electricity,False
ABC,DEF,2011-01-19T00:00:00+0000,85.4,kWh,electricity,False
ABC,DEF,2011-01-20T00:00:00+0000,62.8,kWh,electricity,False
ABC,DEF,2011-01-21T00:00:00+0000,59.3,kWh,electricity,False
ABC,DEF,2011-01-22T00:00:00+0000,75.9,kWh,electricity,False
ABC,DEF,2011-01-23T00:00:00+0000,53.5,kWh,electricity,False
ABC,DEF,2011-01-24T00:00:00+0000,108.1,kWh,electricity,False
ABC,DEF,2011-01-25T00:00:00+0000,59.8,kWh,electricity,False
ABC,DEF,2011-01-26T00:00:00+0000,43.4,kWh,electricity,False
ABC,DEF,2011-01-27T00:00:00+0000,53.6,kWh,electricity,False
ABC,DEF,2011-01-28T00:00:00+0000,60.3,kWh,electricity,False
ABC,DEF,2011-01-29T00:00:00+0000,47.2,kWh,electricity,False
ABC,DEF,2011-01-30T00:00:00+0000,57.8,kWh,electricity,False
ABC,DEF,2011-01-31T00:00:00+0000,78.1,kWh,electricity,False
ABC,DEF,2011-02-01T00:00:00+0000,79.6,kWh,electricity,False
ABC,DEF,2011-02-02T00:00:00+0000,97.8,kWh,electricity,False
ABC,DEF,2011-02-03T00:00:00+0000,145.9,kWh,electricity,False
ABC,DEF,2011-02-04T00:00:00+0000,108.1,kWh,electricity,False
ABC,DEF,2011-02-05T00:00:00+0000,55.9,kWh,electricity,False
ABC,DEF,2011-02-06T00:00:00+0000,40.1,kWh,electricity,False
ABC,DEF,2011-02-07T00:00:00+0000,71.8,kWh,electricity,False
ABC,DEF,2011-02-08T00:00:00+0000,91.4,kWh,electricity,False
ABC,DEF,2011-02-09T00:00:00+0000,125.1,kWh,electricity,False
ABC,DEF,2011-02-10T00:00:00+0000,67.1,kWh,electricity,False
ABC,DEF,2011-02-11T00:00:00+0000,73.2,kWh,electricity,False
ABC,DEF,2011-02-12T00:00:00+0000,37.3,kWh,electricity,False
ABC,DEF,2011-02-13T00:00:00+0000,39.5,kWh,electricity,False
ABC,DEF,2011-02-14T00:00:00+0000,30.9,kWh,electricity,False
ABC,DEF,2011-02-15T00:00:00+0000,41.1,kWh,electricity,False
ABC,DEF,2011-02-16T00:00:00+0000,41.8,kWh,electricity,False
ABC,DEF,2011-02-17T00:00:00+0000,14.1,kWh,electricity,False
ABC,DEF,2011-02-18T00:00:00+0000,36.2,kWh,electricity,False
ABC,DEF,2011-02-19T00:00:00+0000,32.7,kWh,electricity,False
ABC,DEF,2011-02-20T00:00:00+0000,23.9,kWh,electricity,False
ABC,DEF,2011-02-21T00:00:00+0000,68.6,kWh,electricity,False
ABC,DEF,2011-02-22T00:00:00+0000,74.6,kWh,electricity,False
ABC,DEF,2011-02-23T00:00:00+0000,44.5,kWh,electricity,True
ABC,DEF,2011-02-24T00:00:00+0000,57.5,kWh,electricity,False
ABC,DEF,2011-02-25T00:00:00+0000,65.7,kWh,electricity,False
ABC,DEF,2011-02-26T00:00:00+0000,44.2,kWh,electricity,False
ABC,DEF,2011-02-27T00:00:00+0000,69.3,kWh,electricity,False
ABC,DEF,2011-02-28T00:00:00+0000,68.5,kWh,electricity,False
ABC,DEF,2011-03-01T00:00:00+0000,32.5,kWh,electricity,False
ABC,DEF,2011-03-02T00:00:00+0000,67.2,kWh,electricity,False
ABC,DEF,2011-03-03T00:00:00+0000,44.3,kWh,electricity,False
ABC,DEF,2011-03-04T00:00:00+0000,31.1,kWh,electricity,False
ABC,DEF,2011-03-05T00:00:00+0000,48.9,kWh,electricity,False
ABC,DEF,2011-03-06T00:00:00+0000,51.2,kWh,electricity,False
ABC,DEF,2011-03-07T00:00:00+0000,54.4,kWh,electricity,False
ABC,DEF,2011-03-08T00:00:00+0000,55.6,kWh,electricity,False
ABC,DEF,2011-03-09T00:00:00+0000,24.6,kWh,electricity,False
ABC,DEF,2011-03-10T00:00:00+0000,48.4,kWh,electricity,False
ABC,DEF,2011-03-11T00:00:00+0000,37.1,kWh,electricity,False
ABC,DEF,2011-03-12T00:00:00+0000,39.6,kWh,electricity,False
ABC,DEF,2011-03-13T00:00:00+0000,41.8,kWh,electricity,False
ABC,DEF,2011-03-14T00:00:00+0000,38.8,kWh,electricity,False
ABC,DEF,2011-03-15T00:00:00+0000,36.2,kWh,electricity,False
ABC,DEF,2011-03-16T00:00:00+0000,27.5,kWh,electricity,False
ABC,DEF,2011-03-17T00:00:00+0000,5.1,kWh,electricity,False
ABC,DEF,2011-03-18T00:00:00+0000,27.3,kWh,electricity,True
ABC,DEF,2011-03-19T00:00:00+0000,23.9,kWh,electricity,False
ABC,DEF,2011-03-20T00:00:00+0000,13.0,kWh,electricity,False
ABC,DEF,2011-03-21T00:00:00+0000,26.1,kWh,electricity,True
ABC,DEF,2011-03-22T00:00:00+0000,14.7,kWh,electricity,False
ABC,DEF,2011-03-23T00:00:00+0000,40.2,kWh,electricity,False
ABC,DEF,2011-03-24T00:00:00+0000,33.5,kWh,electricity,False
ABC,DEF,2011-03-25T00:00:00+0000,42.8,kWh,electricity,False
ABC,DEF,2011-03-26T00:00:00+0000,41.4,kWh,electricity,False
ABC,DEF,2011-03-27T00:00:00+0000,37.5,kWh,electricity,False
ABC,DEF,2011-03-28T00:00:00+0000,43.9,kWh,electricity,False
ABC,DEF,2011-03-29T00:00:00+0000,51.3,kWh,electricity,False
ABC,DEF,2011-03-30T00:00:00+0000,55.1,kWh,electricity,False
ABC,DEF,2011-03-31T00:00:00+0000,35.6,kWh,electricity,False
ABC,DEF,2011-04-01T00:00:00+0000,33.5,kWh,electricity,False
ABC,DEF,2011-04-02T00:00:00+0000,27.1,kWh,electricity,False
ABC,DEF,2011-04-03T00:00:00+0000,0.6,kWh,electricity,False
ABC,DEF,2011-04-04T00:00:00+0000,28.7,kWh,electricity,False
ABC,DEF,2011-04-05T00:00:00+0000,29.3,kWh,electricity,False
ABC,DEF,2011-04-06T00:00:00+0000,7.6,kWh,electricity,False
ABC,DEF,2011-04-07T00:00:00+0000,18.6,kWh,electricity,False
ABC,DEF,2011-04-08T00:00:00+0000,29.1,kWh,electricity,False
ABC,DEF,2011-04-09T00:00:00+0000,5.3,kWh,electricity,False
ABC,DEF,2011-04-10T00:00:00+0000,16.1,kWh,electricity,False
ABC,DEF,2011-04-11T00:00:00+0000,21.5,kWh,electricity,False
ABC,DEF,2011-04-12T00:00:00+0000,12.0,kWh,electricity,False
ABC,DEF,2011-04-13T00:00:00+0000,4.4,kWh,electricity,False
ABC,DEF,2011-04-14T00:00:00+0000,13.5,kWh,electricity,False
ABC,DEF,2011-04-15T00:00:00+0000,32.2,kWh,electricity,False
ABC,DEF,2011-04-16T00:00:00+0000,24.5,kWh,electricity,False
ABC,DEF,2011-04-17T00:00:00+0000,35.6,kWh,electricity,False
ABC,DEF,2011-04-18T00:00:00+0000,36.4,kWh,electricity,False
ABC,DEF,2011-04-19T00:00:00+0000,48.6,kWh,electricity,False
ABC,DEF,2011-04-20T00:00:00+0000,52.0,kWh,electricity,False
ABC,DEF,2011-04-21T00:00:00+0000,39.0,kWh,electricity,False
ABC,DEF,2011-04-22T00:00:00+0000,24.0,kWh,electricity,False
ABC,DEF,2011-04-23T00:00:00+0000,16.4,kWh,electricity,False
ABC,DEF,2011-04-24T00:00:00+0000,18.1,kWh,electricity,False
ABC,DEF,2011-04-25T00:00:00+0000,14.8,kWh,electricity,False
ABC,DEF,2011-04-26T00:00:00+0000,22.2,kWh,electricity,False
ABC,DEF,2011-04-27T00:00:00+0000,25.5,kWh,electricity,False
ABC,DEF,2011-04-28T00:00:00+0000,21.8,kWh,electricity,False
ABC,DEF,2011-04-29T00:00:00+0000,17.7,kWh,electricity,False
ABC,DEF,2011-04-30T00:00:00+0000,1.6,kWh,electricity,False
ABC,DEF,2011-05-01T00:00:00+0000,13.0,kWh,electricity,True
ABC,DEF,2011-05-02T00:00:00+0000,21.6,kWh,electricity,False
ABC,DEF,2011-05-03T00:00:00+0000,21.2,kWh,electricity,False
ABC,DEF,2011-05-04T00:00:00+0000,23.5,kWh,electricity,True
ABC,DEF,2011-05-05T00:00:00+0000,7.6,kWh,electricity,False
ABC,DEF,2011-05-06T00:00:00+0000,14.3,kWh,electricity,True
ABC,DEF,2011-05-07T00:00:00+0000,1.1,kWh,electricity,False
ABC,DEF,2011-05-08T00:00:00+0000,1.0,kWh,electricity,False
ABC,DEF,2011-05-09T00:00:00+0000,25.9,kWh,electricity,False
ABC,DEF,2011-05-10T00:00:00+0000,28.8,kWh,electricity,False
ABC,DEF,2011-05-11T00:00:00+0000,18.1,kWh,electricity,False
ABC,DEF,2011-05-12T00:00:00+0000,8.2,kWh,electricity,False
ABC,DEF,2011-05-13T00:00:00+0000,13.3,kWh,electricity,False
ABC,DEF,2011-05-14T00:00:00+0000,24.6,kWh,electricity,False
ABC,DEF,2011-05-15T00:00:00+0000,18.1,kWh,electricity,False
ABC,DEF,2011-05-16T00:00:00+0000,13.2,kWh,electricity,False
ABC,DEF,2011-05-17T00:00:00+0000,8.8,kWh,electricity,False
ABC,DEF,2011-05-18T00:00:00+0000,10.9,kWh,electricity,False
ABC,DEF,2011-05-19T00:00:00+0000,3.3,kWh,electricity,False
ABC,DEF,2011-05-20T00:00:00+0000,0.5,kWh,electricity,False
ABC,DEF,2011-05-21T00:00:00+0000,3.6,kWh,electricity,False
ABC,DEF,2011-05-22T00:00:00+0000,6.7,kWh,electricity,False
ABC,DEF,2011-05-23T00:00:00+0000,9.0,kWh,electricity,False
ABC,DEF,2011-05-24T00:00:00+0000,5.6,kWh,electricity,True
ABC,DEF,2011-05-25T00:00:00+0000,5.9,kWh,electricity,False
ABC,DEF,2011-05-26T00:00:00+0000,8.4,kWh,electricity,False
ABC,DEF,2011-05-27T00:00:00+0000,16.7,kWh,electricity,False
ABC,DEF,2011-05-28T00:00:00+0000,5.3,kWh,electricity,False
ABC,DEF,2011-05-29T00:00:00+0000,1.4,kWh,electricity,False
ABC,DEF,2011-05-30T00:00:00+0000,16.0,kWh,electricity,False
ABC,DEF,2011-05-31T00:00:00+0000,13.9,kWh,electricity,False
ABC,DEF,2011-06-01T00:00:00+0000,7.2,kWh,electricity,False
ABC,DEF,2011-06-02T00:00:00+0000,16.6,kWh,electricity,False
ABC,DEF,2011-06-03T00:00:00+0000,16.5,kWh,electricity,False
ABC,DEF,2011-06-04T00:00:00+0000,20.3,kWh,electricity,False
ABC,DEF,2011-06-05T00:00:00+0000,23.0,kWh,electricity,False
ABC,DEF,2011-06-06T00:00:00+0000,32.0,kWh,electricity,False
ABC,DEF,2011-06-07T00:00:00+0000,28.7,kWh,electricity,False
ABC,DEF,2011-06-08T00:00:00+0000,30.3,kWh,electricity,False
ABC,DEF,2011-06-09T00:00:00+0000,3.3,kWh,electricity,False
ABC,DEF,2011-06-10T00:00:00+0000,1.3,kWh,electricity,False
ABC,DEF,2011-06-11T00:00:00+0000,1.8,kWh,electricity,False
ABC,DEF,2011-06-12T00:00:00+0000,0.0,kWh,electricity,False
ABC,DEF,2011-06-13T00:00:00+0000,2.7,kWh,electricity,False
ABC,DEF,2011-06-14T00:00:00+0000,2.5,kWh,electricity,False
ABC,DEF,2011-06-15T00:00:00+0000,12.5,kWh,electricity,False
ABC,DEF,2011-06-16T00:00:00+0000,10.1,kWh,electricity,True
ABC,DEF,2011-06-17T00:00:00+0000,20.8,kWh,electricity,False
ABC,DEF,2011-06-18T00:00:00+0000,12.8,kWh,electricity,False
ABC,DEF,2011-06-19T00:00:00+0000,17.6,kWh,electricity,False
ABC,DEF,2011-06-20T00:00:00+0000,20.9,kWh,electricity,False
ABC,DEF,2011-06-21T00:00:00+0000,9.8,kWh,electricity,False
ABC,DEF,2011-06-22T00:00:00+0000,0.1,kWh,electricity,False
ABC,DEF,2011-06-23T00:00:00+0000,0.6,kWh,electricity,False
ABC,DEF,2011-06-24T00:00:00+0000,2.2,kWh,electricity,False
ABC,DEF,2011-06-25T00:00:00+0000,0.8,kWh,electricity,False
ABC,DEF,2011-06-26T00:00:00+0000,6.2,kWh,electricity,False
ABC,DEF,2011-06-27T00:00:00+0000,10.0,kWh,electricity,False
ABC,DEF,2011-06-28T00:00:00+0000,7.2,kWh,electricity,False
ABC,DEF,2011-06-29T00:00:00+0000,13.4,kWh,electricity,False
ABC,DEF,2011-06-30T00:00:00+0000,22.9,kWh,electricity,False
ABC,DEF,2011-07-01T00:00:00+0000,24.5,kWh,electricity,False
ABC,DEF,2011-07-02T00:00:00+0000,22.2,kWh,electricity,False
ABC,DEF,2011-07-03T00:00:00+0000,16.6,kWh,electricity,False
ABC,DEF,2011-07-04T00:00:00+0000,10.8,kWh,electricity,False
ABC,DEF,2011-07-05T00:00:00+0000,24.3,kWh,electricity,False
ABC,DEF,2011-07-06T00:00:00+0000,18.5,kWh,electricity,False
ABC,DEF,2011-07-07T00:00:00+0000,16.6,kWh,electricity,False
ABC,DEF,2011-07-08T00:00:00+0000,25.0,kWh,electricity,False
ABC,DEF,2011-07-09T00:00:00+0000,14.3,kWh,electricity,False
ABC,DEF,2011-07-10T00:00:00+0000,19.6,kWh,electricity,False
ABC,DEF,2011-07-11T00:00:00+0000,27.9,kWh,electricity,False
ABC,DEF,2011-07-12T00:00:00+0000,10.6,kWh,electricity,False
ABC,DEF,2011-07-13T00:00:00+0000,11.6,kWh,electricity,True
ABC,DEF,2011-07-14T00:00:00+0000,15.3,kWh,electricity,False
ABC,DEF,2011-07-15T00:00:00+0000,29.3,kWh,electricity,False
ABC,DEF,2011-07-16T00:00:00+0000,29.5,kWh,electricity,False
ABC,DEF,2011-07-17T00:00:00+0000,37.9,kWh,electricity,False
ABC,DEF,2011-07-18T00:00:00+0000,31.6,kWh,electricity,False
ABC,DEF,2011-07-19T00:00:00+0000,24.6,kWh,electricity,False
ABC,DEF,2011-07-20T00:00:00+0000,40.4,kWh,electricity,False
ABC,DEF,2011-07-21T00:00:00+0000,38.7,kWh,electricity,False
ABC,DEF,2011-07-22T00:00:00+0000,23.9,kWh,electricity,False
ABC,DEF,2011-07-23T00:00:00+0000,20.6,kWh,electricity,False
ABC,DEF,2011-07-24T00:00:00+0000,17.9,kWh,electricity,False
ABC,DEF,2011-07-25T00:00:00+0000,24.2,kWh,electricity,False
ABC,DEF,2011-07-26T00:00:00+0000,24.0,kWh,electricity,False
ABC,DEF,2011-07-27T00:00:00+0000,21.7,kWh,electricity,False
ABC,DEF,2011-07-28T00:00:00+0000,31.4,kWh,electricity,False
ABC,DEF,2011-07-29T00:00:00+0000,22.4,kWh,electricity,False
ABC,DEF,2011-07-30T00:00:00+0000,18.1,kWh,electricity,False
ABC,DEF,2011-07-31T00:00:00+0000,17.9,kWh,electricity,False
ABC,DEF,2011-08-01T00:00:00+0000,35.5,kWh,electricity,False
ABC,DEF,2011-08-02T00:00:00+0000,34.7,kWh,electricity,False
ABC,DEF,2011-08-03T00:00:00+0000,32.0,kWh,electricity,False
ABC,DEF,2011-08-04T00:00:00+0000,12.9,kWh,electricity,False
ABC,DEF,2011-08-05T00:00:00+0000,15.8,kWh,electricity,True
ABC,DEF,2011-08-06T00:00:00+0000,14.8,kWh,electricity,False
ABC,DEF,2011-08-07T00:00:00+0000,20.9,kWh,electricity,False
ABC,DEF,2011-08-08T00:00:00+0000,20.7,kWh,electricity,False
ABC,DEF,2011-08-09T00:00:00+0000,12.9,kWh,electricity,True
ABC,DEF,2011-08-10T00:00:00+0000,10.4,kWh,electricity,False
ABC,DEF,2011-08-11T00:00:00+0000,15.4,kWh,electricity,False
ABC,DEF,2011-08-12T00:00:00+0000,13.4,kWh,electricity,False
ABC,DEF,2011-08-13T00:00:00+0000,11.0,kWh,electricity,False
ABC,DEF,2011-08-14T00:00:00+0000,9.9,kWh,electricity,False
ABC,DEF,2011-08-15T00:00:00+0000,13.9,kWh,electricity,False
ABC,DEF,2011-08-16T00:00:00+0000,10.2,kWh,electricity,False
ABC,DEF,2011-08-17T00:00:00+0000,18.4,kWh,electricity,False
ABC,DEF,2011-08-18T00:00:00+0000,13.2,kWh,electricity,False
ABC,DEF,2011-08-19T00:00:00+0000,14.2,kWh,electricity,False
ABC,DEF,2011-08-20T00:00:00+0000,13.4,kWh,electricity,False
ABC,DEF,2011-08-21T00:00:00+0000,16.5,kWh,electricity,False
ABC,DEF,2011-08-22T00:00:00+0000,23.3,kWh,electricity,False
ABC,DEF,2011-08-23T00:00:00+0000,26.0,kWh,electricity,False
ABC,DEF,2011-08-24T00:00:00+0000,19.1,kWh,electricity,False
ABC,DEF,2011-08-25T00:00:00+0000,11.6,kWh,electricity,False
ABC,DEF,2011-08-26T00:00:00+0000,13.5,kWh,electricity,True
ABC,DEF,2011-08-27T00:00:00+0000,11.1,kWh,electricity,False
ABC,DEF,2011-08-28T00:00:00+0000,5.5,kWh,electricity,False
ABC,DEF,2011-08-29T00:00:00+0000,13.0,kWh,electricity,False
ABC,DEF,2011-08-30T00:00:00+0000,5.3,kWh,electricity,False
ABC,DEF,2011-08-31T00:00:00+0000,14.7,kWh,electricity,True
ABC,DEF,2011-09-01T00:00:00+0000,16.6,kWh,electricity,False
ABC,DEF,2011-09-02T00:00:00+0000,37.3,kWh,electricity,False
ABC,DEF,2011-09-03T00:00:00+0000,15.9,kWh,electricity,False
ABC,DEF,2011-09-04T00:00:00+0000,0.0,kWh,electricity,False
ABC,DEF,2011-09-05T00:00:00+0000,5.0,kWh,electricity,False
ABC,DEF,2011-09-06T00:00:00+0000,6.1,kWh,electricity,False
ABC,DEF,2011-09-07T00:00:00+0000,1.9,kWh,electricity,False
ABC,DEF,2011-09-08T00:00:00+0000,1.0,kWh,electricity,False
ABC,DEF,2011-09-09T00:00:00+0000,6.4,kWh,electricity,False
ABC,DEF,2011-09-10T00:00:00+0000,8.5,kWh,electricity,False
ABC,DEF,2011-09-11T00:00:00+0000,9.5,kWh,electricity,False
ABC,DEF,2011-09-12T00:00:00+0000,22.0,kWh,electricity,False
ABC,DEF,2011-09-13T00:00:00+0000,6.9,kWh,electricity,False
ABC,DEF,2011-09-14T00:00:00+0000,7.6,kWh,electricity,False
ABC,DEF,2011-09-15T00:00:00+0000,25.2,kWh,electricity,False
ABC,DEF,2011-09-16T00:00:00+0000,16.5,kWh,electricity,False
ABC,DEF,2011-09-17T00:00:00+0000,18.1,kWh,electricity,False
ABC,DEF,2011-09-18T00:00:00+0000,11.6,kWh,electricity,False
ABC,DEF,2011-09-19T00:00:00+0000,0.3,kWh,electricity,False
ABC,DEF,2011-09-20T00:00:00+0000,0.1,kWh,electricity,False
ABC,DEF,2011-09-21T00:00:00+0000,7.1,kWh,electricity,True
ABC,DEF,2011-09-22T00:00:00+0000,9.1,kWh,electricity,False
ABC,DEF,2011-09-23T00:00:00+0000,20.6,kWh,electricity,False
ABC,DEF,2011-09-24T00:00:00+0000,14.5,kWh,electricity,False
ABC,DEF,2011-09-25T00:00:00+0000,16.5,kWh,electricity,False
ABC,DEF,2011-09-26T00:00:00+0000,9.6,kWh,electricity,True
ABC,DEF,2011-09-27T00:00:00+0000,5.2,kWh,electricity,False
ABC,DEF,2011-09-28T00:00:00+0000,4.8,kWh,electricity,False
ABC,DEF,2011-09-29T00:00:00+0000,2.1,kWh,electricity,False
ABC,DEF,2011-09-30T00:00:00+0000,10.0,kWh,electricity,False
ABC,DEF,2011-10-01T00:00:00+0000,12.8,kWh,electricity,False
ABC,DEF,2011-10-02T00:00:00+0000,12.4,kWh,electricity,False
ABC,DEF,2011-10-03T00:00:00+0000,4.1,kWh,electricity,False
ABC,DEF,2011-10-04T00:00:00+0000,4.1,kWh,electricity,False
ABC,DEF,2011-10-05T00:00:00+0000,6.8,kWh,electricity,False
ABC,DEF,2011-10-06T00:00:00+0000,3.9,kWh,electricity,False
ABC,DEF,2011-10-07T00:00:00+0000,8.1,kWh,electricity,False
ABC,DEF,2011-10-08T00:00:00+0000,12.8,kWh,electricity,False
ABC,DEF,2011-10-09T00:00:00+0000,9.7,kWh,electricity,False
ABC,DEF,2011-10-10T00:00:00+0000,1.4,kWh,electricity,False
ABC,DEF,2011-10-11T00:00:00+0000,3.2,kWh,electricity,False
ABC,DEF,2011-10-12T00:00:00+0000,3.3,kWh,electricity,False
ABC,DEF,2011-10-13T00:00:00+0000,6.5,kWh,electricity,False
ABC,DEF,2011-10-14T00:00:00+0000,19.9,kWh,electricity,False
ABC,DEF,2011-10-15T00:00:00+0000,15.1,kWh,electricity,True
ABC,DEF,2011-10-16T00:00:00+0000,5.7,kWh,electricity,False
ABC,DEF,2011-10-17T00:00:00+0000,30.6,kWh,electricity,False
ABC,DEF,2011-10-18T00:00:00+0000,29.6,kWh,electricity,False
ABC,DEF,2011-10-19T00:00:00+0000,29.3,kWh,electricity,False
ABC,DEF,2011-10-20T00:00:00+0000,42.4,kWh,electricity,False
ABC,DEF,2011-10-21T00:00:00+0000,27.7,kWh,electricity,False
ABC,DEF,2011-10-22T00:00:00+0000,16.6,kWh,electricity,False
ABC,DEF,2011-10-23T00:00:00+0000,12.5,kWh,electricity,False
ABC,DEF,2011-10-24T00:00:00+0000,6.9,kWh,electricity,False
ABC,DEF,2011-10-25T00:00:00+0000,3.0,kWh,electricity,False
ABC,DEF,2011-10-26T00:00:00+0000,22.5,kWh,electricity,False
ABC,DEF,2011-10-27T00:00:00+0000,35.3,kWh,electricity,False
ABC,DEF,2011-10-28T00:00:00+0000,41.6,kWh,electricity,False
ABC,DEF,2011-10-29T00:00:00+0000,22.1,kWh,electricity,True
ABC,DEF,2011-10-30T00:00:00+0000,23.2,kWh,electricity,False
ABC,DEF,2011-10-31T00:00:00+0000,28.6,kWh,electricity,False
ABC,DEF,2011-11-01T00:00:00+0000,14.6,kWh,electricity,True
ABC,DEF,2011-11-02T00:00:00+0000,26.4,kWh,electricity,False
ABC,DEF,2011-11-03T00:00:00+0000,30.0,kWh,electricity,False
ABC,DEF,2011-11-04T00:00:00+0000,39.1,kWh,electricity,False
ABC,DEF,2011-11-05T00:00:00+0000,21.4,kWh,electricity,False
ABC,DEF,2011-11-06T00:00:00+0000,20.1,kWh,electricity,False
ABC,DEF,2011-11-07T00:00:00+0000,32.9,kWh,electricity,False
ABC,DEF,2011-11-08T00:00:00+0000,28.9,kWh,electricity,False
ABC,DEF,2011-11-09T00:00:00+0000,43.7,kWh,electricity,False
ABC,DEF,2011-11-10T00:00:00+0000,27.9,kWh,electricity,False
ABC,DEF,2011-11-11T00:00:00+0000,67.9,kWh,electricity,False
ABC,DEF,2011-11-12T00:00:00+0000,26.0,kWh,electricity,False
ABC,DEF,2011-11-13T00:00:00+0000,21.3,kWh,electricity,False
ABC,DEF,2011-11-14T00:00:00+0000,28.4,kWh,electricity,True
ABC,DEF,2011-11-15T00:00:00+0000,22.7,kWh,electricity,True
ABC,DEF,2011-11-16T00:00:00+0000,34.0,kWh,electricity,False
ABC,DEF,2011-11-17T00:00:00+0000,40.4,kWh,electricity,False
ABC,DEF,2011-11-18T00:00:00+0000,36.4,kWh,electricity,False
ABC,DEF,2011-11-19T00:00:00+0000,20.6,kWh,electricity,False
ABC,DEF,2011-11-20T00:00:00+0000,44.7,kWh,electricity,False
ABC,DEF,2011-11-21T00:00:00+0000,41.0,kWh,electricity,False
ABC,DEF,2011-11-22T00:00:00+0000,32.4,kWh,electricity,False
ABC,DEF,2011-11-23T00:00:00+0000,34.1,kWh,electricity,False
ABC,DEF,2011-11-24T00:00:00+0000,19.8,kWh,electricity,False
ABC,DEF,2011-11-25T00:00:00+0000,16.1,kWh,electricity,False
ABC,DEF,2011-11-26T00:00:00+0000,24.1,kWh,electricity,False
ABC,DEF,2011-11-27T00:00:00+0000,39.9,kWh,electricity,False
ABC,DEF,2011-11-28T00:00:00+0000,39.3,kWh,electricity,False
ABC,DEF,2011-11-29T00:00:00+0000,32.3,kWh,electricity,False
ABC,DEF,2011-11-30T00:00:00+0000,38.9,kWh,electricity,False
ABC,DEF,2011-12-01T00:00:00+0000,38.9,kWh,electricity,False
ABC,DEF,2011-12-02T00:00:00+0000,63.3,kWh,electricity,False
ABC,DEF,2011-12-03T00:00:00+0000,31.6,kWh,electricity,False
ABC,DEF,2011-12-04T00:00:00+0000,60.2,kWh,electricity,False
ABC,DEF,2011-12-05T00:00:00+0000,89.8,kWh,electricity,False
ABC,DEF,2011-12-06T00:00:00+0000,62.0,kWh,electricity,False
ABC,DEF,2011-12-07T00:00:00+0000,91.8,kWh,electricity,False
ABC,DEF,2011-12-08T00:00:00+0000,52.2,kWh,electricity,False
ABC,DEF,2011-12-09T00:00:00+0000,64.5,kWh,electricity,False
ABC,DEF,2011-12-10T00:00:00+0000,48.8,kWh,electricity,True
ABC,DEF,2011-12-11T00:00:00+0000,41.4,kWh,electricity,False
ABC,DEF,2011-12-12T00:00:00+0000,29.9,kWh,electricity,False
ABC,DEF,2011-12-13T00:00:00+0000,40.7,kWh,electricity,False
ABC,DEF,2011-12-14T00:00:00+0000,41.2,kWh,electricity,False
ABC,DEF,2011-12-15T00:00:00+0000,42.8,kWh,electricity,False
ABC,DEF,2011-12-16T00:00:00+0000,65.4,kWh,electricity,False
ABC,DEF,2011-12-17T00:00:00+0000,50.4,kWh,electricity,False
ABC,DEF,2011-12-18T00:00:00+0000,46.2,kWh,electricity,False
ABC,DEF,2011-12-19T00:00:00+0000,42.8,kWh,electricity,False
ABC,DEF,2011-12-20T00:00:00+0000,52.3,kWh,electricity,False
ABC,DEF,2011-12-21T00:00:00+0000,39.0,kWh,electricity,False
ABC,DEF,2011-12-22T00:00:00+0000,64.8,kWh,electricity,False
ABC,DEF,2011-12-23T00:00:00+0000,60.7,kWh,electricity,False
ABC,DEF,2011-12-24T00:00:00+0000,46.6,kWh,electricity,False
ABC,DEF,2011-12-25T00:00:00+0000,40.2,kWh,electricity,False
ABC,DEF,2011-12-26T00:00:00+0000,46.5,kWh,electricity,False
ABC,DEF,2011-12-27T00:00:00+0000,36.5,kWh,electricity,False
ABC,DEF,2011-12-28T00:00:00+0000,49.0,kWh,electricity,False
ABC,DEF,2011-12-29T00:00:00+0000,34.0,kWh,electricity,False
ABC,DEF,2011-12-30T00:00:00+0000,35.0,kWh,electricity,False
ABC,DEF,2011-12-31T00:00:00+0000,31.2,kWh,electricity,True
ABC,DEF,2012-01-01T00:00:00+0000,20.3,kWh,electricity,False
ABC,DEF,2012-01-02T00:00:00+0000,58.3,kWh,electricity,False
ABC,DEF,2012-01-03T00:00:00+0000,47.6,kWh,electricity,False
ABC,DEF,2012-01-04T00:00:00+0000,47.8,kWh,electricity,True
ABC,DEF,2012-01-05T00:00:00+0000,23.3,kWh,electricity,False
ABC,DEF,2012-01-06T00:00:00+0000,26.6,kWh,electricity,False
ABC,DEF,2012-01-07T00:00:00+0000,37.6,kWh,electricity,False
ABC,DEF,2012-01-08T00:00:00+0000,45.5,kWh,electricity,False
ABC,DEF,2012-01-09T00:00:00+0000,50.5,kWh,electricity,False
ABC,DEF,2012-01-10T00:00:00+0000,50.6,kWh,electricity,False
ABC,DEF,2012-01-11T00:00:00+0000,55.7,kWh,electricity,False
ABC,DEF,2012-01-12T00:00:00+0000,53.4,kWh,electricity,False
ABC,DEF,2012-01-13T00:00:00+0000,115.8,kWh,electricity,False
ABC,DEF,2012-01-14T00:00:00+0000,36.2,kWh,electricity,False
ABC,DEF,2012-01-15T00:00:00+0000,55.6,kWh,electricity,False
ABC,DEF,2012-01-16T00:00:00+0000,32.6,kWh,electricity,False
ABC,DEF,2012-01-17T00:00:00+0000,73.9,kWh,electricity,False
ABC,DEF,2012-01-18T00:00:00+0000,65.1,kWh,electricity,False
ABC,DEF,2012-01-19T00:00:00+0000,114.7,kWh,electricity,False
ABC,DEF,2012-01-20T00:00:00+0000,97.5,kWh,electricity,False
ABC,DEF,2012-01-21T00:00:00+0000,59.8,kWh,electricity,False
ABC,DEF,2012-01-22T00:00:00+0000,39.2,kWh,electricity,False
ABC,DEF,2012-01-23T00:00:00+0000,49.9,kWh,electricity,False
ABC,DEF,2012-01-24T00:00:00+0000,39.7,kWh,electricity,False
ABC,DEF,2012-01-25T00:00:00+0000,40.2,kWh,electricity,False
ABC,DEF,2012-01-26T00:00:00+0000,38.9,kWh,electricity,False
ABC,DEF,2012-01-27T00:00:00+0000,55.6,kWh,electricity,False
ABC,DEF,2012-01-28T00:00:00+0000,57.0,kWh,electricity,False
ABC,DEF,2012-01-29T00:00:00+0000,48.0,kWh,electricity,False
ABC,DEF,2012-01-30T00:00:00+0000,31.3,kWh,electricity,False
ABC,DEF,2012-01-31T00:00:00+0000,19.4,kWh,electricity,False
ABC,DEF,2012-02-01T00:00:00+0000,27.0,kWh,electricity,False
ABC,DEF,2012-02-02T00:00:00+0000,37.4,kWh,electricity,False
ABC,DEF,2012-02-03T00:00:00+0000,38.2,kWh,electricity,False
ABC,DEF,2012-02-04T00:00:00+0000,46.2,kWh,electricity,False
ABC,DEF,2012-02-05T00:00:00+0000,66.2,kWh,electricity,False
ABC,DEF,2012-02-06T00:00:00+0000,79.8,kWh,electricity,False
ABC,DEF,2012-02-07T00:00:00+0000,49.7,kWh,electricity,False
ABC,DEF,2012-02-08T00:00:00+0000,64.3,kWh,electricity,False
ABC,DEF,2012-02-09T00:00:00+0000,75.1,kWh,electricity,False
ABC,DEF,2012-02-10T00:00:00+0000,56.7,kWh,electricity,False
ABC,DEF,2012-02-11T00:00:00+0000,72.9,kWh,electricity,False
ABC,DEF,2012-02-12T00:00:00+0000,52.7,kWh,electricity,True
ABC,DEF,2012-02-13T00:00:00+0000,51.9,kWh,electricity,False
ABC,DEF,2012-02-14T00:00:00+0000,49.3,kWh,electricity,True
ABC,DEF,2012-02-15T00:00:00+0000,38.9,kWh,electricity,False
ABC,DEF,2012-02-16T00:00:00+0000,56.0,kWh,electricity,False
ABC,DEF,2012-02-17T00:00:00+0000,54.1,kWh,electricity,False
ABC,DEF,2012-02-18T00:00:00+0000,52.4,kWh,electricity,False
ABC,DEF,2012-02-19T00:00:00+0000,52.2,kWh,electricity,False
ABC,DEF,2012-02-20T00:00:00+0000,26.1,kWh,electricity,False
ABC,DEF,2012-02-21T00:00:00+0000,33.0,kWh,electricity,False
ABC,DEF,2012-02-22T00:00:00+0000,33.1,kWh,electricity,False
ABC,DEF,2012-02-23T00:00:00+0000,38.6,kWh,electricity,False
ABC,DEF,2012-02-24T00:00:00+0000,63.5,kWh,electricity,False
ABC,DEF,2012-02-25T00:00:00+0000,39.6,kWh,electricity,False
ABC,DEF,2012-02-26T00:00:00+0000,40.2,kWh,electricity,False
ABC,DEF,2012-02-27T00:00:00+0000,49.8,kWh,electricity,True
ABC,DEF,2012-02-28T00:00:00+0000,46.4,kWh,electricity,False
ABC,DEF,2012-02-29T00:00:00+0000,37.6,kWh,electricity,False
ABC,DEF,2012-03-01T00:00:00+0000,49.0,kWh,electricity,False
ABC,DEF,2012-03-02T00:00:00+0000,48.6,kWh,electricity,False
ABC,DEF,2012-03-03T00:00:00+0000,41.8,kWh,electricity,False
ABC,DEF,2012-03-04T00:00:00+0000,68.5,kWh,electricity,False
ABC,DEF,2012-03-05T00:00:00+0000,65.6,kWh,electricity,True
ABC,DEF,2012-03-06T00:00:00+0000,16.1,kWh,electricity,False
ABC,DEF,2012-03-07T00:00:00+0000,9.9,kWh,electricity,False
ABC,DEF,2012-03-08T00:00:00+0000,42.1,kWh,electricity,False
ABC,DEF,2012-03-09T00:00:00+0000,36.6,kWh,electricity,True
ABC,DEF,2012-03-10T00:00:00+0000,16.3,kWh,electricity,False
ABC,DEF,2012-03-11T00:00:00+0000,17.8,kWh,electricity,False
ABC,DEF,2012-03-12T00:00:00+0000,16.2,kWh,electricity,False
ABC,DEF,2012-03-13T00:00:00+0000,12.2,kWh,electricity,False
ABC,DEF,2012-03-14T00:00:00+0000,2.2,kWh,electricity,False
ABC,DEF,2012-03-15T00:00:00+0000,2.4,kWh,electricity,False
ABC,DEF,2012-03-16T00:00:00+0000,10.0,kWh,electricity,False
ABC,DEF,2012-03-17T00:00:00+0000,11.1,kWh,electricity,False
ABC,DEF,2012-03-18T00:00:00+0000,7.8,kWh,electricity,False
ABC,DEF,2012-03-19T00:00:00+0000,9.0,kWh,electricity,False
ABC,DEF,2012-03-20T00:00:00+0000,6.5,kWh,electricity,False
ABC,DEF,2012-03-21T00:00:00+0000,2.5,kWh,electricity,False
ABC,DEF,2012-03-22T00:00:00+0000,3.0,kWh,electricity,False
ABC,DEF,2012-03-23T00:00:00+0000,10.2,kWh,electricity,False
ABC,DEF,2012-03-24T00:00:00+0000,4.4,kWh,electricity,True
ABC,DEF,2012-03-25T00:00:00+0000,1.7,kWh,electricity,False
ABC,DEF,2012-03-26T00:00:00+0000,8.1,kWh,electricity,False
ABC,DEF,2012-03-27T00:00:00+0000,0.3,kWh,electricity,False
ABC,DEF,2012-03-28T00:00:00+0000,3.6,kWh,electricity,True
ABC,DEF,2012-03-29T00:00:00+0000,7.0,kWh,electricity,False
ABC,DEF,2012-03-30T00:00:00+0000,9.9,kWh,electricity,False
ABC,DEF,2012-03-31T00:00:00+0000,6.5,kWh,electricity,False
ABC,DEF,2012-04-01T00:00:00+0000,7.2,kWh,electricity,False
ABC,DEF,2012-04-02T00:00:00+0000,14.5,kWh,electricity,False
ABC,DEF,2012-04-03T00:00:00+0000,1.6,kWh,electricity,False
ABC,DEF,2012-04-04T00:00:00+0000,10.1,kWh,electricity,False
ABC,DEF,2012-04-05T00:00:00+0000,13.5,kWh,electricity,False
ABC,DEF,2012-04-06T00:00:00+0000,17.1,kWh,electricity,False
ABC,DEF,2012-04-07T00:00:00+0000,11.6,kWh,electricity,False
ABC,DEF,2012-04-08T00:00:00+0000,17.1,kWh,electricity,False
ABC,DEF,2012-04-09T00:00:00+0000,17.7,kWh,electricity,False
ABC,DEF,2012-04-10T00:00:00+0000,34.8,kWh,electricity,True
ABC,DEF,2012-04-11T00:00:00+0000,36.9,kWh,electricity,False
ABC,DEF,2012-04-12T00:00:00+0000,24.4,kWh,electricity,False
ABC,DEF,2012-04-13T00:00:00+0000,20.6,kWh,electricity,False
ABC,DEF,2012-04-14T00:00:00+0000,6.6,kWh,electricity,False
ABC,DEF,2012-04-15T00:00:00+0000,2.0,kWh,electricity,False
ABC,DEF,2012-04-16T00:00:00+0000,14.4,kWh,electricity,False
ABC,DEF,2012-04-17T00:00:00+0000,12.8,kWh,electricity,False
ABC,DEF,2012-04-18T00:00:00+0000,5.1,kWh,electricity,False
ABC,DEF,2012-04-19T00:00:00+0000,10.4,kWh,electricity,False
ABC,DEF,2012-04-20T00:00:00+0000,33.3,kWh,electricity,False
ABC,DEF,2012-04-21T00:00:00+0000,24.7,kWh,electricity,False
ABC,DEF,2012-04-22T00:00:00+0000,20.6,kWh,electricity,True
ABC,DEF,2012-04-23T00:00:00+0000,24.2,kWh,electricity,False
ABC,DEF,2012-04-24T00:00:00+0000,4.3,kWh,electricity,False
ABC,DEF,2012-04-25T00:00:00+0000,4.4,kWh,electricity,True
ABC,DEF,2012-04-26T00:00:00+0000,1.1,kWh,electricity,False
ABC,DEF,2012-04-27T00:00:00+0000,11.1,kWh,electricity,False
ABC,DEF,2012-04-28T00:00:00+0000,24.0,kWh,electricity,False
ABC,DEF,2012-04-29T00:00:00+0000,19.5,kWh,electricity,False
ABC,DEF,2012-04-30T00:00:00+0000,19.2,kWh,electricity,False
ABC,DEF,2012-05-01T00:00:00+0000,2.1,kWh,electricity,False
ABC,DEF,2012-05-02T00:00:00+0000,8.3,kWh,electricity,False
ABC,DEF,2012-05-03T00:00:00+0000,20.9,kWh,electricity,False
ABC,DEF,2012-05-04T00:00:00+0000,15.0,kWh,electricity,False
ABC,DEF,2012-05-05T00:00:00+0000,17.5,kWh,electricity,False
ABC,DEF,2012-05-06T00:00:00+0000,13.7,kWh,electricity,False
ABC,DEF,2012-05-07T00:00:00+0000,0.5,kWh,electricity,False
ABC,DEF,2012-05-08T00:00:00+0000,7.0,kWh,electricity,False
ABC,DEF,2012-05-09T00:00:00+0000,10.8,kWh,electricity,False
ABC,DEF,2012-05-10T00:00:00+0000,1.9,kWh,electricity,False
ABC,DEF,2012-05-11T00:00:00+0000,6.3,kWh,electricity,False
ABC,DEF,2012-05-12T00:00:00+0000,3.7,kWh,electricity,False
ABC,DEF,2012-05-13T00:00:00+0000,0.5,kWh,electricity,False
ABC,DEF,2012-05-14T00:00:00+0000,4.8,kWh,electricity,False
ABC,DEF,2012-05-15T00:00:00+0000,12.1,kWh,electricity,False
ABC,DEF,2012-05-16T00:00:00+0000,3.6,kWh,electricity,False
ABC,DEF,2012-05-17T00:00:00+0000,3.1,kWh,electricity,False
ABC,DEF,2012-05-18T00:00:00+0000,17.0,kWh,electricity,False
ABC,DEF,2012-05-19T00:00:00+0000,16.0,kWh,electricity,False
ABC,DEF,2012-05-20T00:00:00+0000,6.8,kWh,electricity,False
ABC,DEF,2012-05-21T00:00:00+0000,2.0,kWh,electricity,False
ABC,DEF,2012-05-22T00:00:00+0000,4.8,kWh,electricity,False
ABC,DEF,2012-05-23T00:00:00+0000,13.6,kWh,electricity,False
ABC,DEF,2012-05-24T00:00:00+0000,18.8,kWh,electricity,False
ABC,DEF,2012-05-25T00:00:00+0000,2.9,kWh,electricity,False
ABC,DEF,2012-05-26T00:00:00+0000,8.5,kWh,electricity,False
ABC,DEF,2012-05-27T00:00:00+0000,34.1,kWh,electricity,False
ABC,DEF,2012-05-28T00:00:00+0000,20.4,kWh,electricity,False
ABC,DEF,2012-05-29T00:00:00+0000,4.4,kWh,electricity,True
ABC,DEF,2012-05-30T00:00:00+0000,4.1,kWh,electricity,False
ABC,DEF,2012-05-31T00:00:00+0000,14.5,kWh,electricity,False
ABC,DEF,2012-06-01T00:00:00+0000,11.2,kWh,electricity,False
ABC,DEF,2012-06-02T00:00:00+0000,0.2,kWh,electricity,False
ABC,DEF,2012-06-03T00:00:00+0000,5.8,kWh,electricity,False
ABC,DEF,2012-06-04T00:00:00+0000,13.2,kWh,electricity,False
ABC,DEF,2012-06-05T00:00:00+0000,15.3,kWh,electricity,False
ABC,DEF,2012-06-06T00:00:00+0000,14.5,kWh,electricity,False
ABC,DEF,2012-06-07T00:00:00+0000,5.9,kWh,electricity,False
ABC,DEF,2012-06-08T00:00:00+0000,13.1,kWh,electricity,False
ABC,DEF,2012-06-09T00:00:00+0000,14.5,kWh,electricity,False
ABC,DEF,2012-06-10T00:00:00+0000,20.7,kWh,electricity,False
ABC,DEF,2012-06-11T00:00:00+0000,16.0,kWh,electricity,False
ABC,DEF,2012-06-12T00:00:00+0000,4.4,kWh,electricity,False
ABC,DEF,2012-06-13T00:00:00+0000,5.6,kWh,electricity,False
ABC,DEF,2012-06-14T00:00:00+0000,17.3,kWh,electricity,False
ABC,DEF,2012-06-15T00:00:00+0000,18.3,kWh,electricity,False
ABC,DEF,2012-06-16T00:00:00+0000,10.2,kWh,electricity,False
ABC,DEF,2012-06-17T00:00:00+0000,12.6,kWh,electricity,False
ABC,DEF,2012-06-18T00:00:00+0000,20.1,kWh,electricity,False
ABC,DEF,2012-06-19T00:00:00+0000,35.2,kWh,electricity,False
ABC,DEF,2012-06-20T00:00:00+0000,18.9,kWh,electricity,False
ABC,DEF,2012-06-21T00:00:00+0000,12.6,kWh,electricity,False
ABC,DEF,2012-06-22T00:00:00+0000,14.8,kWh,electricity,False
ABC,DEF,2012-06-23T00:00:00+0000,7.9,kWh,electricity,False
ABC,DEF,2012-06-24T00:00:00+0000,16.0,kWh,electricity,False
ABC,DEF,2012-06-25T00:00:00+0000,27.9,kWh,electricity,False
ABC,DEF,2012-06-26T00:00:00+0000,8.5,kWh,electricity,False
ABC,DEF,2012-06-27T00:00:00+0000,28.8,kWh,electricity,False
ABC,DEF,2012-06-28T00:00:00+0000,37.0,kWh,electricity,False
ABC,DEF,2012-06-29T00:00:00+0000,20.3,kWh,electricity,False
ABC,DEF,2012-06-30T00:00:00+0000,14.7,kWh,electricity,False
ABC,DEF,2012-07-01T00:00:00+0000,26.4,kWh,electricity,False
ABC,DEF,2012-07-02T00:00:00+0000,34.2,kWh,electricity,False
ABC,DEF,2012-07-03T00:00:00+0000,28.9,kWh,electricity,False
ABC,DEF,2012-07-04T00:00:00+0000,53.9,kWh,electricity,False
ABC,DEF,2012-07-05T00:00:00+0000,24.3,kWh,electricity,False
ABC,DEF,2012-07-06T00:00:00+0000,33.3,kWh,electricity,False
ABC,DEF,2012-07-07T00:00:00+0000,23.2,kWh,electricity,False
ABC,DEF,2012-07-08T00:00:00+0000,20.3,kWh,electricity,False
ABC,DEF,2012-07-09T00:00:00+0000,15.8,kWh,electricity,False
ABC,DEF,2012-07-10T00:00:00+0000,19.1,kWh,electricity,False
ABC,DEF,2012-07-11T00:00:00+0000,17.1,kWh,electricity,True
ABC,DEF,2012-07-12T00:00:00+0000,26.1,kWh,electricity,False
ABC,DEF,2012-07-13T00:00:00+0000,17.1,kWh,electricity,False
ABC,DEF,2012-07-14T00:00:00+0000,15.7,kWh,electricity,True
ABC,DEF,2012-07-15T00:00:00+0000,19.8,kWh,electricity,False
ABC,DEF,2012-07-16T00:00:00+0000,35.1,kWh,electricity,False
ABC,DEF,2012-07-17T00:00:00+0000,27.8,kWh,electricity,False
ABC,DEF,2012-07-18T00:00:00+0000,36.3,kWh,electricity,False
ABC,DEF,2012-07-19T00:00:00+0000,30.0,kWh,electricity,False
ABC,DEF,2012-07-20T00:00:00+0000,21.3,kWh,electricity,False
ABC,DEF,2012-07-21T00:00:00+0000,24.9,kWh,electricity,False
ABC,DEF,2012-07-22T00:00:00+0000,23.1,kWh,electricity,True
ABC,DEF,2012-07-23T00:00:00+0000,45.6,kWh,electricity,False
ABC,DEF,2012-07-24T00:00:00+0000,31.2,kWh,electricity,False
ABC,DEF,2012-07-25T00:00:00+0000,54.8,kWh,electricity,False
ABC,DEF,2012-07-26T00:00:00+0000,29.4,kWh,electricity,False
ABC,DEF,2012-07-27T00:00:00+0000,21.5,kWh,electricity,False
ABC,DEF,2012-07-28T00:00:00+0000,13.7,kWh,electricity,False
ABC,DEF,2012-07-29T00:00:00+0000,20.3,kWh,electricity,False
ABC,DEF,2012-07-30T00:00:00+0000,25.6,kWh,electricity,False
ABC,DEF,2012-07-31T00:00:00+0000,32.6,kWh,electricity,False
ABC,DEF,2012-08-01T00:00:00+0000,26.0,kWh,electricity,False
ABC,DEF,2012-08-02T00:00:00+0000,23.3,kWh,electricity,False
ABC,DEF,2012-08-03T00:00:00+0000,29.3,kWh,electricity,False
ABC,DEF,2012-08-04T00:00:00+0000,18.6,kWh,electricity,False
ABC,DEF,2012-08-05T00:00:00+0000,11.0,kWh,electricity,False
ABC,DEF,2012-08-06T00:00:00+0000,19.7,kWh,electricity,False
ABC,DEF,2012-08-07T00:00:00+0000,32.6,kWh,electricity,False
ABC,DEF,2012-08-08T00:00:00+0000,17.2,kWh,electricity,False
ABC,DEF,2012-08-09T00:00:00+0000,11.3,kWh,electricity,False
ABC,DEF,2012-08-10T00:00:00+0000,6.5,kWh,electricity,False
ABC,DEF,2012-08-11T00:00:00+0000,5.5,kWh,electricity,False
ABC,DEF,2012-08-12T00:00:00+0000,6.3,kWh,electricity,False
ABC,DEF,2012-08-13T00:00:00+0000,4.4,kWh,electricity,True
ABC,DEF,2012-08-14T00:00:00+0000,13.9,kWh,electricity,False
ABC,DEF,2012-08-15T00:00:00+0000,15.0,kWh,electricity,False
ABC,DEF,2012-08-16T00:00:00+0000,14.7,kWh,electricity,False
ABC,DEF,2012-08-17T00:00:00+0000,0.9,kWh,electricity,False
ABC,DEF,2012-08-18T00:00:00+0000,0.6,kWh,electricity,False
ABC,DEF,2012-08-19T00:00:00+0000,0.2,kWh,electricity,False
ABC,DEF,2012-08-20T00:00:00+0000,4.7,kWh,electricity,False
ABC,DEF,2012-08-21T00:00:00+0000,9.9,kWh,electricity,False
ABC,DEF,2012-08-22T00:00:00+0000,22.0,kWh,electricity,False
ABC,DEF,2012-08-23T00:00:00+0000,21.9,kWh,electricity,False
ABC,DEF,2012-08-24T00:00:00+0000,24.4,kWh,electricity,False
ABC,DEF,2012-08-25T00:00:00+0000,7.1,kWh,electricity,False
ABC,DEF,2012-08-26T00:00:00+0000,14.4,kWh,electricity,False
ABC,DEF,2012-08-27T00:00:00+0000,23.1,kWh,electricity,False
ABC,DEF,2012-08-28T00:00:00+0000,21.5,kWh,electricity,False
ABC,DEF,2012-08-29T00:00:00+0000,24.3,kWh,electricity,False
ABC,DEF,2012-08-30T00:00:00+0000,20.8,kWh,electricity,False
ABC,DEF,2012-08-31T00:00:00+0000,30.6,kWh,electricity,False
ABC,DEF,2012-09-01T00:00:00+0000,16.3,kWh,electricity,False
ABC,DEF,2012-09-02T00:00:00+0000,18.6,kWh,electricity,True
ABC,DEF,2012-09-03T00:00:00+0000,16.2,kWh,electricity,False
ABC,DEF,2012-09-04T00:00:00+0000,29.8,kWh,electricity,False
ABC,DEF,2012-09-05T00:00:00+0000,16.9,kWh,electricity,True
ABC,DEF,2012-09-06T00:00:00+0000,13.8,kWh,electricity,False
ABC,DEF,2012-09-07T00:00:00+0000,9.5,kWh,electricity,False
ABC,DEF,2012-09-08T00:00:00+0000,0.1,kWh,electricity,False
ABC,DEF,2012-09-09T00:00:00+0000,1.4,kWh,electricity,False
ABC,DEF,2012-09-10T00:00:00+0000,4.0,kWh,electricity,True
ABC,DEF,2012-09-11T00:00:00+0000,17.0,kWh,electricity,False
ABC,DEF,2012-09-12T00:00:00+0000,15.3,kWh,electricity,False
ABC,DEF,2012-09-13T00:00:00+0000,12.3,kWh,electricity,False
ABC,DEF,2012-09-14T00:00:00+0000,5.5,kWh,electricity,False
ABC,DEF,2012-09-15T00:00:00+0000,0.8,kWh,electricity,False
ABC,DEF,2012-09-16T00:00:00+0000,1.8,kWh,electricity,False
ABC,DEF,2012-09-17T00:00:00+0000,6.8,kWh,electricity,False
ABC,DEF,2012-09-18T00:00:00+0000,16.9,kWh,electricity,False
ABC,DEF,2012-09-19T00:00:00+0000,2.5,kWh,electricity,False
ABC,DEF,2012-09-20T00:00:00+0000,2.9,kWh,electricity,False
ABC,DEF,2012-09-21T00:00:00+0000,3.8,kWh,electricity,False
ABC,DEF,2012-09-22T00:00:00+0000,13.3,kWh,electricity,False
ABC,DEF,2012-09-23T00:00:00+0000,19.6,kWh,electricity,False
ABC,DEF,2012-09-24T00:00:00+0000,9.1,kWh,electricity,False
ABC,DEF,2012-09-25T00:00:00+0000,3.8,kWh,electricity,False
ABC,DEF,2012-09-26T00:00:00+0000,0.4,kWh,electricity,False
ABC,DEF,2012-09-27T00:00:00+0000,5.6,kWh,electricity,False
ABC,DEF,2012-09-28T00:00:00+0000,5.4,kWh,electricity,False
ABC,DEF,2012-09-29T00:00:00+0000,1.1,kWh,electricity,False
ABC,DEF,2012-09-30T00:00:00+0000,3.2,kWh,electricity,False
ABC,DEF,2012-10-01T00:00:00+0000,1.0,kWh,electricity,False
ABC,DEF,2012-10-02T00:00:00+0000,3.4,kWh,electricity,True
ABC,DEF,2012-10-03T00:00:00+0000,1.6,kWh,electricity,False
ABC,DEF,2012-10-04T00:00:00+0000,12.8,kWh,electricity,False
ABC,DEF,2012-10-05T00:00:00+0000,28.1,kWh,electricity,False
ABC,DEF,2012-10-06T00:00:00+0000,37.0,kWh,electricity,False
ABC,DEF,2012-10-07T00:00:00+0000,31.7,kWh,electricity,False
ABC,DEF,2012-10-08T00:00:00+0000,29.8,kWh,electricity,False
ABC,DEF,2012-10-09T00:00:00+0000,18.4,kWh,electricity,False
ABC,DEF,2012-10-10T00:00:00+0000,30.2,kWh,electricity,False
ABC,DEF,2012-10-11T00:00:00+0000,10.4,kWh,electricity,False
ABC,DEF,2012-10-12T00:00:00+0000,21.9,kWh,electricity,False
ABC,DEF,2012-10-13T00:00:00+0000,5.1,kWh,electricity,False
ABC,DEF,2012-10-14T00:00:00+0000,4.8,kWh,electricity,False
ABC,DEF,2012-10-15T00:00:00+0000,17.3,kWh,electricity,False
ABC,DEF,2012-10-16T00:00:00+0000,3.0,kWh,electricity,False
ABC,DEF,2012-10-17T00:00:00+0000,7.4,kWh,electricity,False
ABC,DEF,2012-10-18T00:00:00+0000,20.7,kWh,electricity,False
ABC,DEF,2012-10-19T00:00:00+0000,39.6,kWh,electricity,False
ABC,DEF,2012-10-20T00:00:00+0000,17.3,kWh,electricity,False
ABC,DEF,2012-10-21T00:00:00+0000,10.7,kWh,electricity,False
ABC,DEF,2012-10-22T00:00:00+0000,9.5,kWh,electricity,False
ABC,DEF,2012-10-23T00:00:00+0000,3.1,kWh,electricity,False
ABC,DEF,2012-10-24T00:00:00+0000,9.3,kWh,electricity,False
ABC,DEF,2012-10-25T00:00:00+0000,20.5,kWh,electricity,False
ABC,DEF,2012-10-26T00:00:00+0000,42.9,kWh,electricity,False
ABC,DEF,2012-10-27T00:00:00+0000,26.5,kWh,electricity,False
ABC,DEF,2012-10-28T00:00:00+0000,25.9,kWh,electricity,False
ABC,DEF,2012-10-29T00:00:00+0000,31.7,kWh,electricity,False
ABC,DEF,2012-10-30T00:00:00+0000,45.5,kWh,electricity,False
ABC,DEF,2012-10-31T00:00:00+0000,51.0,kWh,electricity,False
ABC,DEF,2012-11-01T00:00:00+0000,22.8,kWh,electricity,False
ABC,DEF,2012-11-02T00:00:00+0000,29.5,kWh,electricity,False
ABC,DEF,2012-11-03T00:00:00+0000,22.0,kWh,electricity,False
ABC,DEF,2012-11-04T00:00:00+0000,17.0,kWh,electricity,False
ABC,DEF,2012-11-05T00:00:00+0000,45.8,kWh,electricity,False
ABC,DEF,2012-11-06T00:00:00+0000,32.3,kWh,electricity,False
ABC,DEF,2012-11-07T00:00:00+0000,24.0,kWh,electricity,False
ABC,DEF,2012-11-08T00:00:00+0000,24.3,kWh,electricity,False
ABC,DEF,2012-11-09T00:00:00+0000,21.1,kWh,electricity,False
ABC,DEF,2012-11-10T00:00:00+0000,0.2,kWh,electricity,False
ABC,DEF,2012-11-11T00:00:00+0000,17.6,kWh,electricity,False
ABC,DEF,2012-11-12T00:00:00+0000,58.7,kWh,electricity,False
ABC,DEF,2012-11-13T00:00:00+0000,36.0,kWh,electricity,False
ABC,DEF,2012-11-14T00:00:00+0000,32.9,kWh,electricity,True
ABC,DEF,2012-11-15T00:00:00+0000,32.6,kWh,electricity,False
ABC,DEF,2012-11-16T00:00:00+0000,30.0,kWh,electricity,False
ABC,DEF,2012-11-17T00:00:00+0000,22.6,kWh,electricity,False
ABC,DEF,2012-11-18T00:00:00+0000,21.9,kWh,electricity,False
ABC,DEF,2012-11-19T00:00:00+0000,20.7,kWh,electricity,False
ABC,DEF,2012-11-20T00:00:00+0000,31.5,kWh,electricity,False
ABC,DEF,2012-11-21T00:00:00+0000,16.8,kWh,electricity,False
ABC,DEF,2012-11-22T00:00:00+0000,7.2,kWh,electricity,False
ABC,DEF,2012-11-23T00:00:00+0000,58.7,kWh,electricity,False
ABC,DEF,2012-11-24T00:00:00+0000,55.1,kWh,electricity,False
ABC,DEF,2012-11-25T00:00:00+0000,27.8,kWh,electricity,False
ABC,DEF,2012-11-26T00:00:00+0000,59.5,kWh,electricity,False
ABC,DEF,2012-11-27T00:00:00+0000,41.2,kWh,electricity,False
ABC,DEF,2012-11-28T00:00:00+0000,32.8,kWh,electricity,False
ABC,DEF,2012-11-29T00:00:00+0000,36.7,kWh,electricity,False
ABC,DEF,2012-11-30T00:00:00+0000,48.9,kWh,electricity,False
ABC,DEF,2012-12-01T00:00:00+0000,19.3,kWh,electricity,False
ABC,DEF,2012-12-02T00:00:00+0000,19.0,kWh,electricity,False
ABC,DEF,2012-12-03T00:00:00+0000,13.2,kWh,electricity,False
ABC,DEF,2012-12-04T00:00:00+0000,24.8,kWh,electricity,False
ABC,DEF,2012-12-05T00:00:00+0000,28.5,kWh,electricity,False
ABC,DEF,2012-12-06T00:00:00+0000,19.0,kWh,electricity,False
ABC,DEF,2012-12-07T00:00:00+0000,50.4,kWh,electricity,False
ABC,DEF,2012-12-08T00:00:00+0000,34.5,kWh,electricity,False
ABC,DEF,2012-12-09T00:00:00+0000,38.6,kWh,electricity,False
ABC,DEF,2012-12-10T00:00:00+0000,75.3,kWh,electricity,False
ABC,DEF,2012-12-11T00:00:00+0000,46.6,kWh,electricity,False
ABC,DEF,2012-12-12T00:00:00+0000,39.1,kWh,electricity,True
ABC,DEF,2012-12-13T00:00:00+0000,31.2,kWh,electricity,False
ABC,DEF,2012-12-14T00:00:00+0000,28.7,kWh,electricity,True
ABC,DEF,2012-12-15T00:00:00+0000,13.5,kWh,electricity,False
ABC,DEF,2012-12-16T00:00:00+0000,46.4,kWh,electricity,False
ABC,DEF,2012-12-17T00:00:00+0000,75.2,kWh,electricity,False
ABC,DEF,2012-12-18T00:00:00+0000,42.0,kWh,electricity,True
ABC,DEF,2012-12-19T00:00:00+0000,59.7,kWh,electricity,False
ABC,DEF,2012-12-20T00:00:00+0000,54.1,kWh,electricity,False
ABC,DEF,2012-12-21T00:00:00+0000,98.7,kWh,electricity,False
ABC,DEF,2012-12-22T00:00:00+0000,65.4,kWh,electricity,False
ABC,DEF,2012-12-23T00:00:00+0000,64.5,kWh,electricity,False
ABC,DEF,2012-12-24T00:00:00+0000,51.3,kWh,electricity,False
ABC,DEF,2012-12-25T00:00:00+0000,61.1,kWh,electricity,False
ABC,DEF,2012-12-26T00:00:00+0000,85.8,kWh,electricity,False
ABC,DEF,2012-12-27T00:00:00+0000,116.1,kWh,electricity,False
ABC,DEF,2012-12-28T00:00:00+0000,59.8,kWh,electricity,False
ABC,DEF,2012-12-29T00:00:00+0000,48.7,kWh,electricity,False
ABC,DEF,2012-12-30T00:00:00+0000,84.2,kWh,electricity,False
ABC,DEF,2012-12-31T00:00:00+0000,57.3,kWh,electricity,False
ABC,DEF,2013-01-01T00:00:00+0000,98.0,kWh,electricity,False
ABC,DEF,2013-01-02T00:00:00+0000,60.8,kWh,electricity,False
ABC,DEF,2013-01-03T00:00:00+0000,64.8,kWh,electricity,False
ABC,DEF,2013-01-04T00:00:00+0000,59.7,kWh,electricity,False
ABC,DEF,2013-01-05T00:00:00+0000,40.8,kWh,electricity,False
ABC,DEF,2013-01-06T00:00:00+0000,74.4,kWh,electricity,True
ABC,DEF,2013-01-07T00:00:00+0000,43.1,kWh,electricity,False
ABC,DEF,2013-01-08T00:00:00+0000,36.5,kWh,electricity,False
ABC,DEF,2013-01-09T00:00:00+0000,47.4,kWh,electricity,False
ABC,DEF,2013-01-10T00:00:00+0000,41.6,kWh,electricity,False
ABC,DEF,2013-01-11T00:00:00+0000,36.5,kWh,electricity,False
ABC,DEF,2013-01-12T00:00:00+0000,41.3,kWh,electricity,False
ABC,DEF,2013-01-13T00:00:00+0000,40.8,kWh,electricity,False
ABC,DEF,2013-01-14T00:00:00+0000,57.3,kWh,electricity,False
ABC,DEF,2013-01-15T00:00:00+0000,54.1,kWh,electricity,False
ABC,DEF,2013-01-16T00:00:00+0000,35.6,kWh,electricity,False
ABC,DEF,2013-01-17T00:00:00+0000,46.5,kWh,electricity,False
ABC,DEF,2013-01-18T00:00:00+0000,36.7,kWh,electricity,False
ABC,DEF,2013-01-19T00:00:00+0000,27.2,kWh,electricity,False
ABC,DEF,2013-01-20T00:00:00+0000,64.8,kWh,electricity,False
ABC,DEF,2013-01-21T00:00:00+0000,74.4,kWh,electricity,False
ABC,DEF,2013-01-22T00:00:00+0000,58.4,kWh,electricity,False
ABC,DEF,2013-01-23T00:00:00+0000,51.0,kWh,electricity,False
ABC,DEF,2013-01-24T00:00:00+0000,84.8,kWh,electricity,False
ABC,DEF,2013-01-25T00:00:00+0000,71.3,kWh,electricity,False
ABC,DEF,2013-01-26T00:00:00+0000,74.5,kWh,electricity,False
ABC,DEF,2013-01-27T00:00:00+0000,34.4,kWh,electricity,True
ABC,DEF,2013-01-28T00:00:00+0000,47.9,kWh,electricity,False
ABC,DEF,2013-01-29T00:00:00+0000,39.5,kWh,electricity,False
ABC,DEF,2013-01-30T00:00:00+0000,52.8,kWh,electricity,False
ABC,DEF,2013-01-31T00:00:00+0000,92.4,kWh,electricity,False
ABC,DEF,2013-02-01T00:00:00+0000,93.2,kWh,electricity,False
ABC,DEF,2013-02-02T00:00:00+0000,81.8,kWh,electricity,False
ABC,DEF,2013-02-03T00:00:00+0000,59.0,kWh,electricity,False
ABC,DEF,2013-02-04T00:00:00+0000,63.8,kWh,electricity,False
ABC,DEF,2013-02-05T00:00:00+0000,56.5,kWh,electricity,False
ABC,DEF,2013-02-06T00:00:00+0000,32.7,kWh,electricity,False
ABC,DEF,2013-02-07T00:00:00+0000,43.6,kWh,electricity,False
ABC,DEF,2013-02-08T00:00:00+0000,60.7,kWh,electricity,False
ABC,DEF,2013-02-09T00:00:00+0000,33.8,kWh,electricity,True
ABC,DEF,2013-02-10T00:00:00+0000,38.1,kWh,electricity,False
ABC,DEF,2013-02-11T00:00:00+0000,37.0,kWh,electricity,False
ABC,DEF,2013-02-12T00:00:00+0000,36.9,kWh,electricity,False
ABC,DEF,2013-02-13T00:00:00+0000,35.4,kWh,electricity,False
ABC,DEF,2013-02-14T00:00:00+0000,30.5,kWh,electricity,False
ABC,DEF,2013-02-15T00:00:00+0000,60.7,kWh,electricity,False
ABC,DEF,2013-02-16T00:00:00+0000,44.9,kWh,electricity,False
ABC,DEF,2013-02-17T00:00:00+0000,38.4,kWh,electricity,False
ABC,DEF,2013-02-18T00:00:00+0000,36.9,kWh,electricity,False
ABC,DEF,2013-02-19T00:00:00+0000,62.2,kWh,electricity,False
ABC,DEF,2013-02-20T00:00:00+0000,81.1,kWh,electricity,False
ABC,DEF,2013-02-21T00:00:00+0000,82.8,kWh,electricity,False
ABC,DEF,2013-02-22T00:00:00+0000,82.1,kWh,electricity,False
ABC,DEF,2013-02-23T00:00:00+0000,42.5,kWh,electricity,True
ABC,DEF,2013-02-24T00:00:00+0000,48.7,kWh,electricity,False
ABC,DEF,2013-02-25T00:00:00+0000,46.0,kWh,electricity,False
ABC,DEF,2013-02-26T00:00:00+0000,51.2,kWh,electricity,False
ABC,DEF,2013-02-27T00:00:00+0000,58.2,kWh,electricity,False
ABC,DEF,2013-02-28T00:00:00+0000,44.3,kWh,electricity,False
ABC,DEF,2013-03-01T00:00:00+0000,61.2,kWh,electricity,False
ABC,DEF,2013-03-02T00:00:00+0000,49.1,kWh,electricity,False
ABC,DEF,2013-03-03T00:00:00+0000,60.0,kWh,electricity,False
ABC,DEF,2013-03-04T00:00:00+0000,41.9,kWh,electricity,False
ABC,DEF,2013-03-05T00:00:00+0000,51.5,kWh,electricity,False
ABC,DEF,2013-03-06T00:00:00+0000,66.1,kWh,electricity,False
ABC,DEF,2013-03-07T00:00:00+0000,56.4,kWh,electricity,False
ABC,DEF,2013-03-08T00:00:00+0000,44.0,kWh,electricity,False
ABC,DEF,2013-03-09T00:00:00+0000,24.0,kWh,electricity,False
ABC,DEF,2013-03-10T00:00:00+0000,33.1,kWh,electricity,False
ABC,DEF,2013-03-11T00:00:00+0000,58.2,kWh,electricity,False
ABC,DEF,2013-03-12T00:00:00+0000,33.3,kWh,electricity,False
ABC,DEF,2013-03-13T00:00:00+0000,68.6,kWh,electricity,False
ABC,DEF,2013-03-14T00:00:00+0000,38.7,kWh,electricity,False
ABC,DEF,2013-03-15T00:00:00+0000,36.4,kWh,electricity,False
ABC,DEF,2013-03-16T00:00:00+0000,30.3,kWh,electricity,False
ABC,DEF,2013-03-17T00:00:00+0000,50.6,kWh,electricity,False
ABC,DEF,2013-03-18T00:00:00+0000,75.2,kWh,electricity,False
ABC,DEF,2013-03-19T00:00:00+0000,59.1,kWh,electricity,False
ABC,DEF,2013-03-20T00:00:00+0000,58.1,kWh,electricity,False
ABC,DEF,2013-03-21T00:00:00+0000,68.1,kWh,electricity,False
ABC,DEF,2013-03-22T00:00:00+0000,46.5,kWh,electricity,False
ABC,DEF,2013-03-23T00:00:00+0000,51.3,kWh,electricity,False
ABC,DEF,2013-03-24T00:00:00+0000,38.2,kWh,electricity,False
ABC,DEF,2013-03-25T00:00:00+0000,42.8,kWh,electricity,False
ABC,DEF,2013-03-26T00:00:00+0000,51.0,kWh,electricity,False
ABC,DEF,2013-03-27T00:00:00+0000,35.0,kWh,electricity,False
ABC,DEF,2013-03-28T00:00:00+0000,31.2,kWh,electricity,False
ABC,DEF,2013-03-29T00:00:00+0000,33.1,kWh,electricity,False
ABC,DEF,2013-03-30T00:00:00+0000,23.4,kWh,electricity,False
ABC,DEF,2013-03-31T00:00:00+0000,22.8,kWh,electricity,False
ABC,DEF,2013-04-01T00:00:00+0000,46.8,kWh,electricity,False
ABC,DEF,2013-04-02T00:00:00+0000,33.9,kWh,electricity,False
ABC,DEF,2013-04-03T00:00:00+0000,34.8,kWh,electricity,False
ABC,DEF,2013-04-04T00:00:00+0000,33.6,kWh,electricity,False
ABC,DEF,2013-04-05T00:00:00+0000,19.8,kWh,electricity,False
ABC,DEF,2013-04-06T00:00:00+0000,6.1,kWh,electricity,True
ABC,DEF,2013-04-07T00:00:00+0000,21.8,kWh,electricity,False
ABC,DEF,2013-04-08T00:00:00+0000,6.1,kWh,electricity,False
ABC,DEF,2013-04-09T00:00:00+0000,7.7,kWh,electricity,False
ABC,DEF,2013-04-10T00:00:00+0000,38.3,kWh,electricity,False
ABC,DEF,2013-04-11T00:00:00+0000,25.1,kWh,electricity,False
ABC,DEF,2013-04-12T00:00:00+0000,39.6,kWh,electricity,False
ABC,DEF,2013-04-13T00:00:00+0000,25.2,kWh,electricity,False
ABC,DEF,2013-04-14T00:00:00+0000,18.6,kWh,electricity,False
ABC,DEF,2013-04-15T00:00:00+0000,20.6,kWh,electricity,False
ABC,DEF,2013-04-16T00:00:00+0000,28.6,kWh,electricity,False
ABC,DEF,2013-04-17T00:00:00+0000,24.5,kWh,electricity,False
ABC,DEF,2013-04-18T00:00:00+0000,39.8,kWh,electricity,False
ABC,DEF,2013-04-19T00:00:00+0000,39.4,kWh,electricity,False
ABC,DEF,2013-04-20T00:00:00+0000,37.5,kWh,electricity,False
ABC,DEF,2013-04-21T00:00:00+0000,22.8,kWh,electricity,False
ABC,DEF,2013-04-22T00:00:00+0000,11.3,kWh,electricity,False
ABC,DEF,2013-04-23T00:00:00+0000,26.9,kWh,electricity,False
ABC,DEF,2013-04-24T00:00:00+0000,45.7,kWh,electricity,False
ABC,DEF,2013-04-25T00:00:00+0000,19.3,kWh,electricity,False
ABC,DEF,2013-04-26T00:00:00+0000,9.8,kWh,electricity,False
ABC,DEF,2013-04-27T00:00:00+0000,18.0,kWh,electricity,False
ABC,DEF,2013-04-28T00:00:00+0000,7.5,kWh,electricity,False
ABC,DEF,2013-04-29T00:00:00+0000,1.4,kWh,electricity,False
ABC,DEF,2013-04-30T00:00:00+0000,15.7,kWh,electricity,False
ABC,DEF,2013-05-01T00:00:00+0000,11.2,kWh,electricity,False
ABC,DEF,2013-05-02T00:00:00+0000,32.8,kWh,electricity,True
ABC,DEF,2013-05-03T00:00:00+0000,53.6,kWh,electricity,False
ABC,DEF,2013-05-04T00:00:00+0000,31.9,kWh,electricity,False
ABC,DEF,2013-05-05T00:00:00+0000,13.4,kWh,electricity,False
ABC,DEF,2013-05-06T00:00:00+0000,11.1,kWh,electricity,False
ABC,DEF,2013-05-07T00:00:00+0000,0.7,kWh,electricity,False
ABC,DEF,2013-05-08T00:00:00+0000,1.0,kWh,electricity,False
ABC,DEF,2013-05-09T00:00:00+0000,4.2,kWh,electricity,False
ABC,DEF,2013-05-10T00:00:00+0000,9.6,kWh,electricity,False
ABC,DEF,2013-05-11T00:00:00+0000,9.4,kWh,electricity,False
ABC,DEF,2013-05-12T00:00:00+0000,22.8,kWh,electricity,False
ABC,DEF,2013-05-13T00:00:00+0000,7.4,kWh,electricity,False
ABC,DEF,2013-05-14T00:00:00+0000,15.5,kWh,electricity,False
ABC,DEF,2013-05-15T00:00:00+0000,16.3,kWh,electricity,False
ABC,DEF,2013-05-16T00:00:00+0000,9.8,kWh,electricity,False
ABC,DEF,2013-05-17T00:00:00+0000,10.2,kWh,electricity,False
ABC,DEF,2013-05-18T00:00:00+0000,9.7,kWh,electricity,False
ABC,DEF,2013-05-19T00:00:00+0000,17.4,kWh,electricity,False
ABC,DEF,2013-05-20T00:00:00+0000,5.9,kWh,electricity,False
ABC,DEF,2013-05-21T00:00:00+0000,0.2,kWh,electricity,False
ABC,DEF,2013-05-22T00:00:00+0000,6.2,kWh,electricity,False
ABC,DEF,2013-05-23T00:00:00+0000,6.4,kWh,electricity,False
ABC,DEF,2013-05-24T00:00:00+0000,5.2,kWh,electricity,False
ABC,DEF,2013-05-25T00:00:00+0000,9.0,kWh,electricity,False
ABC,DEF,2013-05-26T00:00:00+0000,11.6,kWh,electricity,False
ABC,DEF,2013-05-27T00:00:00+0000,0.3,kWh,electricity,False
ABC,DEF,2013-05-28T00:00:00+0000,6.2,kWh,electricity,False
ABC,DEF,2013-05-29T00:00:00+0000,7.5,kWh,electricity,False
ABC,DEF,2013-05-30T00:00:00+0000,10.4,kWh,electricity,False
ABC,DEF,2013-05-31T00:00:00+0000,6.9,kWh,electricity,False
ABC,DEF,2013-06-01T00:00:00+0000,0.1,kWh,electricity,False
ABC,DEF,2013-06-02T00:00:00+0000,3.4,kWh,electricity,False
ABC,DEF,2013-06-03T00:00:00+0000,1.2,kWh,electricity,False
ABC,DEF,2013-06-04T00:00:00+0000,3.8,kWh,electricity,False
ABC,DEF,2013-06-05T00:00:00+0000,0.6,kWh,electricity,False
ABC,DEF,2013-06-06T00:00:00+0000,2.5,kWh,electricity,False
ABC,DEF,2013-06-07T00:00:00+0000,4.2,kWh,electricity,False
ABC,DEF,2013-06-08T00:00:00+0000,1.5,kWh,electricity,False
ABC,DEF,2013-06-09T00:00:00+0000,3.7,kWh,electricity,False
ABC,DEF,2013-06-10T00:00:00+0000,4.0,kWh,electricity,False
ABC,DEF,2013-06-11T00:00:00+0000,11.4,kWh,electricity,False
ABC,DEF,2013-06-12T00:00:00+0000,16.1,kWh,electricity,False
ABC,DEF,2013-06-13T00:00:00+0000,5.1,kWh,electricity,False
ABC,DEF,2013-06-14T00:00:00+0000,4.5,kWh,electricity,False
ABC,DEF,2013-06-15T00:00:00+0000,2.7,kWh,electricity,False
ABC,DEF,2013-06-16T00:00:00+0000,26.3,kWh,electricity,False
ABC,DEF,2013-06-17T00:00:00+0000,14.4,kWh,electricity,False
ABC,DEF,2013-06-18T00:00:00+0000,13.3,kWh,electricity,False
ABC,DEF,2013-06-19T00:00:00+0000,17.9,kWh,electricity,False
ABC,DEF,2013-06-20T00:00:00+0000,48.3,kWh,electricity,False
ABC,DEF,2013-06-21T00:00:00+0000,6.8,kWh,electricity,False
ABC,DEF,2013-06-22T00:00:00+0000,15.1,kWh,electricity,False
ABC,DEF,2013-06-23T00:00:00+0000,12.4,kWh,electricity,False
ABC,DEF,2013-06-24T00:00:00+0000,20.0,kWh,electricity,False
ABC,DEF,2013-06-25T00:00:00+0000,10.5,kWh,electricity,False
ABC,DEF,2013-06-26T00:00:00+0000,27.4,kWh,electricity,False
ABC,DEF,2013-06-27T00:00:00+0000,7.9,kWh,electricity,False
ABC,DEF,2013-06-28T00:00:00+0000,17.1,kWh,electricity,False
ABC,DEF,2013-06-29T00:00:00+0000,11.3,kWh,electricity,False
ABC,DEF,2013-06-30T00:00:00+0000,6.6,kWh,electricity,False
ABC,DEF,2013-07-01T00:00:00+0000,6.6,kWh,electricity,False
ABC,DEF,2013-07-02T00:00:00+0000,15.7,kWh,electricity,False
ABC,DEF,2013-07-03T00:00:00+0000,8.5,kWh,electricity,False
ABC,DEF,2013-07-04T00:00:00+0000,9.7,kWh,electricity,False
ABC,DEF,2013-07-05T00:00:00+0000,12.5,kWh,electricity,False
ABC,DEF,2013-07-06T00:00:00+0000,18.3,kWh,electricity,False
ABC,DEF,2013-07-07T00:00:00+0000,17.8,kWh,electricity,False
ABC,DEF,2013-07-08T00:00:00+0000,19.6,kWh,electricity,False
ABC,DEF,2013-07-09T00:00:00+0000,19.1,kWh,electricity,False
ABC,DEF,2013-07-10T00:00:00+0000,15.7,kWh,electricity,False
ABC,DEF,2013-07-11T00:00:00+0000,9.1,kWh,electricity,False
ABC,DEF,2013-07-12T00:00:00+0000,12.8,kWh,electricity,False
ABC,DEF,2013-07-13T00:00:00+0000,9.4,kWh,electricity,False
ABC,DEF,2013-07-14T00:00:00+0000,17.2,kWh,electricity,False
ABC,DEF,2013-07-15T00:00:00+0000,17.3,kWh,electricity,False
ABC,DEF,2013-07-16T00:00:00+0000,28.6,kWh,electricity,True
ABC,DEF,2013-07-17T00:00:00+0000,29.5,kWh,electricity,False
ABC,DEF,2013-07-18T00:00:00+0000,26.4,kWh,electricity,False
ABC,DEF,2013-07-19T00:00:00+0000,22.5,kWh,electricity,True
ABC,DEF,2013-07-20T00:00:00+0000,15.7,kWh,electricity,False
ABC,DEF,2013-07-21T00:00:00+0000,8.8,kWh,electricity,False
ABC,DEF,2013-07-22T00:00:00+0000,18.2,kWh,electricity,False
ABC,DEF,2013-07-23T00:00:00+0000,9.2,kWh,electricity,False
ABC,DEF,2013-07-24T00:00:00+0000,5.7,kWh,electricity,False
ABC,DEF,2013-07-25T00:00:00+0000,13.3,kWh,electricity,False
ABC,DEF,2013-07-26T00:00:00+0000,6.2,kWh,electricity,False
ABC,DEF,2013-07-27T00:00:00+0000,0.6,kWh,electricity,False
ABC,DEF,2013-07-28T00:00:00+0000,0.3,kWh,electricity,False
ABC,DEF,2013-07-29T00:00:00+0000,3.5,kWh,electricity,False
ABC,DEF,2013-07-30T00:00:00+0000,4.1,kWh,electricity,True
ABC,DEF,2013-07-31T00:00:00+0000,10.3,kWh,electricity,False
ABC,DEF,2013-08-01T00:00:00+0000,11.0,kWh,electricity,False
ABC,DEF,2013-08-02T00:00:00+0000,6.0,kWh,electricity,False
ABC,DEF,2013-08-03T00:00:00+0000,7.7,kWh,electricity,False
ABC,DEF,2013-08-04T00:00:00+0000,7.1,kWh,electricity,False
ABC,DEF,2013-08-05T00:00:00+0000,13.1,kWh,electricity,False
ABC,DEF,2013-08-06T00:00:00+0000,12.1,kWh,electricity,False
ABC,DEF,2013-08-07T00:00:00+0000,13.4,kWh,electricity,False
ABC,DEF,2013-08-08T00:00:00+0000,9.4,kWh,electricity,False
ABC,DEF,2013-08-09T00:00:00+0000,16.8,kWh,electricity,False
ABC,DEF,2013-08-10T00:00:00+0000,7.7,kWh,electricity,False
ABC,DEF,2013-08-11T00:00:00+0000,17.1,kWh,electricity,False
ABC,DEF,2013-08-12T00:00:00+0000,15.8,kWh,electricity,False
ABC,DEF,2013-08-13T00:00:00+0000,6.7,kWh,electricity,False
ABC,DEF,2013-08-14T00:00:00+0000,2.6,kWh,electricity,False
ABC,DEF,2013-08-15T00:00:00+0000,1.7,kWh,electricity,False
ABC,DEF,2013-08-16T00:00:00+0000,3.9,kWh,electricity,False
ABC,DEF,2013-08-17T00:00:00+0000,10.6,kWh,electricity,False
ABC,DEF,2013-08-18T00:00:00+0000,12.3,kWh,electricity,False
ABC,DEF,2013-08-19T00:00:00+0000,16.5,kWh,electricity,True
ABC,DEF,2013-08-20T00:00:00+0000,17.6,kWh,electricity,False
ABC,DEF,2013-08-21T00:00:00+0000,22.9,kWh,electricity,False
ABC,DEF,2013-08-22T00:00:00+0000,10.4,kWh,electricity,False
ABC,DEF,2013-08-23T00:00:00+0000,17.0,kWh,electricity,False
ABC,DEF,2013-08-24T00:00:00+0000,14.5,kWh,electricity,False
ABC,DEF,2013-08-25T00:00:00+0000,19.3,kWh,electricity,False
ABC,DEF,2013-08-26T00:00:00+0000,24.0,kWh,electricity,False
ABC,DEF,2013-08-27T00:00:00+0000,23.4,kWh,electricity,False
ABC,DEF,2013-08-28T00:00:00+0000,32.1,kWh,electricity,False
ABC,DEF,2013-08-29T00:00:00+0000,18.4,kWh,electricity,False
ABC,DEF,2013-08-30T00:00:00+0000,33.3,kWh,electricity,False
ABC,DEF,2013-08-31T00:00:00+0000,19.1,kWh,electricity,False
ABC,DEF,2013-09-01T00:00:00+0000,16.7,kWh,electricity,True
ABC,DEF,2013-09-02T00:00:00+0000,7.1,kWh,electricity,False
ABC,DEF,2013-09-03T00:00:00+0000,3.2,kWh,electricity,False
ABC,DEF,2013-09-04T00:00:00+0000,18.7,kWh,electricity,True
ABC,DEF,2013-09-05T00:00:00+0000,27.1,kWh,electricity,False
ABC,DEF,2013-09-06T00:00:00+0000,13.5,kWh,electricity,False
ABC,DEF,2013-09-07T00:00:00+0000,21.3,kWh,electricity,False
ABC,DEF,2013-09-08T00:00:00+0000,17.7,kWh,electricity,False
ABC,DEF,2013-09-09T00:00:00+0000,25.3,kWh,electricity,False
ABC,DEF,2013-09-10T00:00:00+0000,30.3,kWh,electricity,False
ABC,DEF,2013-09-11T00:00:00+0000,18.2,kWh,electricity,False
ABC,DEF,2013-09-12T00:00:00+0000,10.3,kWh,electricity,False
ABC,DEF,2013-09-13T00:00:00+0000,1.2,kWh,electricity,False
ABC,DEF,2013-09-14T00:00:00+0000,0.4,kWh,electricity,False
ABC,DEF,2013-09-15T00:00:00+0000,4.0,kWh,electricity,False
ABC,DEF,2013-09-16T00:00:00+0000,5.3,kWh,electricity,True
ABC,DEF,2013-09-17T00:00:00+0000,6.3,kWh,electricity,False
ABC,DEF,2013-09-18T00:00:00+0000,11.9,kWh,electricity,False
ABC,DEF,2013-09-19T00:00:00+0000,18.7,kWh,electricity,False
ABC,DEF,2013-09-20T00:00:00+0000,0.7,kWh,electricity,False
ABC,DEF,2013-09-21T00:00:00+0000,4.2,kWh,electricity,False
ABC,DEF,2013-09-22T00:00:00+0000,0.5,kWh,electricity,False
ABC,DEF,2013-09-23T00:00:00+0000,0.8,kWh,electricity,False
ABC,DEF,2013-09-24T00:00:00+0000,0.1,kWh,electricity,False
ABC,DEF,2013-09-25T00:00:00+0000,2.1,kWh,electricity,False
ABC,DEF,2013-09-26T00:00:00+0000,7.4,kWh,electricity,False
ABC,DEF,2013-09-27T00:00:00+0000,14.4,kWh,electricity,False
ABC,DEF,2013-09-28T00:00:00+0000,2.7,kWh,electricity,False
ABC,DEF,2013-09-29T00:00:00+0000,7.1,kWh,electricity,False
ABC,DEF,2013-09-30T00:00:00+0000,4.5,kWh,electricity,False
ABC,DEF,2013-10-01T00:00:00+0000,3.7,kWh,electricity,False
ABC,DEF,2013-10-02T00:00:00+0000,10.4,kWh,electricity,False
ABC,DEF,2013-10-03T00:00:00+0000,7.8,kWh,electricity,False
ABC,DEF,2013-10-04T00:00:00+0000,10.2,kWh,electricity,False
ABC,DEF,2013-10-05T00:00:00+0000,3.9,kWh,electricity,False
ABC,DEF,2013-10-06T00:00:00+0000,19.6,kWh,electricity,False
ABC,DEF,2013-10-07T00:00:00+0000,10.1,kWh,electricity,False
ABC,DEF,2013-10-08T00:00:00+0000,2.9,kWh,electricity,False
ABC,DEF,2013-10-09T00:00:00+0000,2.8,kWh,electricity,False
ABC,DEF,2013-10-10T00:00:00+0000,1.6,kWh,electricity,False
ABC,DEF,2013-10-11T00:00:00+0000,1.0,kWh,electricity,False
ABC,DEF,2013-10-12T00:00:00+0000,4.6,kWh,electricity,True
ABC,DEF,2013-10-13T00:00:00+0000,16.9,kWh,electricity,False
ABC,DEF,2013-10-14T00:00:00+0000,14.4,kWh,electricity,False
ABC,DEF,2013-10-15T00:00:00+0000,8.7,kWh,electricity,False
ABC,DEF,2013-10-16T00:00:00+0000,15.0,kWh,electricity,False
ABC,DEF,2013-10-17T00:00:00+0000,22.1,kWh,electricity,False
ABC,DEF,2013-10-18T00:00:00+0000,11.4,kWh,electricity,True
ABC,DEF,2013-10-19T00:00:00+0000,23.4,kWh,electricity,False
ABC,DEF,2013-10-20T00:00:00+0000,12.5,kWh,electricity,False
ABC,DEF,2013-10-21T00:00:00+0000,27.7,kWh,electricity,True
ABC,DEF,2013-10-22T00:00:00+0000,24.9,kWh,electricity,False
ABC,DEF,2013-10-23T00:00:00+0000,21.3,kWh,electricity,False
ABC,DEF,2013-10-24T00:00:00+0000,32.8,kWh,electricity,True
ABC,DEF,2013-10-25T00:00:00+0000,20.8,kWh,electricity,False
ABC,DEF,2013-10-26T00:00:00+0000,18.7,kWh,electricity,False
ABC,DEF,2013-10-27T00:00:00+0000,27.2,kWh,electricity,False
ABC,DEF,2013-10-28T00:00:00+0000,25.5,kWh,electricity,False
ABC,DEF,2013-10-29T00:00:00+0000,28.4,kWh,electricity,False
ABC,DEF,2013-10-30T00:00:00+0000,13.5,kWh,electricity,False
ABC,DEF,2013-10-31T00:00:00+0000,22.8,kWh,electricity,False
ABC,DEF,2013-11-01T00:00:00+0000,19.9,kWh,electricity,False
ABC,DEF,2013-11-02T00:00:00+0000,23.3,kWh,electricity,False
ABC,DEF,2013-11-03T00:00:00+0000,30.4,kWh,electricity,False
ABC,DEF,2013-11-04T00:00:00+0000,14.2,kWh,electricity,False
ABC,DEF,2013-11-05T00:00:00+0000,17.1,kWh,electricity,False
ABC,DEF,2013-11-06T00:00:00+0000,25.5,kWh,electricity,False
ABC,DEF,2013-11-07T00:00:00+0000,37.7,kWh,electricity,False
ABC,DEF,2013-11-08T00:00:00+0000,29.5,kWh,electricity,False
ABC,DEF,2013-11-09T00:00:00+0000,11.5,kWh,electricity,False
ABC,DEF,2013-11-10T00:00:00+0000,22.4,kWh,electricity,False
ABC,DEF,2013-11-11T00:00:00+0000,28.5,kWh,electricity,False
ABC,DEF,2013-11-12T00:00:00+0000,41.2,kWh,electricity,False
ABC,DEF,2013-11-13T00:00:00+0000,41.7,kWh,electricity,False
ABC,DEF,2013-11-14T00:00:00+0000,21.8,kWh,electricity,False
ABC,DEF,2013-11-15T00:00:00+0000,21.1,kWh,electricity,False
ABC,DEF,2013-11-16T00:00:00+0000,7.1,kWh,electricity,False
ABC,DEF,2013-11-17T00:00:00+0000,16.4,kWh,electricity,False
ABC,DEF,2013-11-18T00:00:00+0000,29.1,kWh,electricity,False
ABC,DEF,2013-11-19T00:00:00+0000,18.2,kWh,electricity,False
ABC,DEF,2013-11-20T00:00:00+0000,17.3,kWh,electricity,False
ABC,DEF,2013-11-21T00:00:00+0000,33.3,kWh,electricity,False
ABC,DEF,2013-11-22T00:00:00+0000,30.2,kWh,electricity,False
ABC,DEF,2013-11-23T00:00:00+0000,41.4,kWh,electricity,False
ABC,DEF,2013-11-24T00:00:00+0000,70.0,kWh,electricity,False
ABC,DEF,2013-11-25T00:00:00+0000,51.1,kWh,electricity,False
ABC,DEF,2013-11-26T00:00:00+0000,27.4,kWh,electricity,False
ABC,DEF,2013-11-27T00:00:00+0000,49.5,kWh,electricity,False
ABC,DEF,2013-11-28T00:00:00+0000,48.7,kWh,electricity,False
ABC,DEF,2013-11-29T00:00:00+0000,43.7,kWh,electricity,True
ABC,DEF,2013-11-30T00:00:00+0000,19.4,kWh,electricity,False
ABC,DEF,2013-12-01T00:00:00+0000,23.6,kWh,electricity,False
ABC,DEF,2013-12-02T00:00:00+0000,35.5,kWh,electricity,False
ABC,DEF,2013-12-03T00:00:00+0000,35.3,kWh,electricity,False
ABC,DEF,2013-12-04T00:00:00+0000,34.6,kWh,electricity,False
ABC,DEF,2013-12-05T00:00:00+0000,75.1,kWh,electricity,False
ABC,DEF,2013-12-06T00:00:00+0000,84.9,kWh,electricity,False
ABC,DEF,2013-12-07T00:00:00+0000,40.3,kWh,electricity,False
ABC,DEF,2013-12-08T00:00:00+0000,48.6,kWh,electricity,False
ABC,DEF,2013-12-09T00:00:00+0000,93.4,kWh,electricity,False
ABC,DEF,2013-12-10T00:00:00+0000,66.4,kWh,electricity,False
ABC,DEF,2013-12-11T00:00:00+0000,57.6,kWh,electricity,False
ABC,DEF,2013-12-12T00:00:00+0000,81.4,kWh,electricity,False
ABC,DEF,2013-12-13T00:00:00+0000,60.2,kWh,electricity,False
ABC,DEF,2013-12-14T00:00:00+0000,27.7,kWh,electricity,True
ABC,DEF,2013-12-15T00:00:00+0000,53.4,kWh,electricity,False
ABC,DEF,2013-12-16T00:00:00+0000,60.3,kWh,electricity,False
ABC,DEF,2013-12-17T00:00:00+0000,45.9,kWh,electricity,False
ABC,DEF,2013-12-18T00:00:00+0000,36.4,kWh,electricity,False
ABC,DEF,2013-12-19T00:00:00+0000,45.8,kWh,electricity,False
ABC,DEF,2013-12-20T00:00:00+0000,56.7,kWh,electricity,False
ABC,DEF,2013-12-21T00:00:00+0000,23.6,kWh,electricity,False
ABC,DEF,2013-12-22T00:00:00+0000,42.7,kWh,electricity,False
ABC,DEF,2013-12-23T00:00:00+0000,68.2,kWh,electricity,False
ABC,DEF,2013-12-24T00:00:00+0000,122.9,kWh,electricity,False
ABC,DEF,2013-12-25T00:00:00+0000,37.2,kWh,electricity,False
ABC,DEF,2013-12-26T00:00:00+0000,30.7,kWh,electricity,False
ABC,DEF,2013-12-27T00:00:00+0000,50.5,kWh,electricity,False
ABC,DEF,2013-12-28T00:00:00+0000,21.7,kWh,electricity,False
ABC,DEF,2013-12-29T00:00:00+0000,49.9,kWh,electricity,False
ABC,DEF,2013-12-30T00:00:00+0000,94.1,kWh,electricity,False
ABC,DEF,2013-12-31T00:00:00+0000,73.8,kWh,electricity,False
ABC,DEF,2014-01-01T00:00:00+0000,55.5,kWh,electricity,False
ABC,DEF,2014-01-02T00:00:00+0000,71.6,kWh,electricity,False
ABC,DEF,2014-01-03T00:00:00+0000,55.0,kWh,electricity,False
ABC,DEF,2014-01-04T00:00:00+0000,33.3,kWh,electricity,False
ABC,DEF,2014-01-05T00:00:00+0000,83.5,kWh,electricity,False
ABC,DEF,2014-01-06T00:00:00+0000,90.4,kWh,electricity,False
ABC,DEF,2014-01-07T00:00:00+0000,82.9,kWh,electricity,False
ABC,DEF,2014-01-08T00:00:00+0000,66.1,kWh,electricity,False
ABC,DEF,2014-01-09T00:00:00+0000,52.4,kWh,electricity,False
ABC,DEF,2014-01-10T00:00:00+0000,72.6,kWh,electricity,False
ABC,DEF,2014-01-11T00:00:00+0000,39.3,kWh,electricity,False
ABC,DEF,2014-01-12T00:00:00+0000,28.1,kWh,electricity,False
ABC,DEF,2014-01-13T00:00:00+0000,41.5,kWh,electricity,False
ABC,DEF,2014-01-14T00:00:00+0000,55.5,kWh,electricity,False
ABC,DEF,2014-01-15T00:00:00+0000,49.8,kWh,electricity,False
ABC,DEF,2014-01-16T00:00:00+0000,31.1,kWh,electricity,False
ABC,DEF,2014-01-17T00:00:00+0000,55.5,kWh,electricity,False
ABC,DEF,2014-01-18T00:00:00+0000,47.6,kWh,electricity,True
ABC,DEF,2014-01-19T00:00:00+0000,44.3,kWh,electricity,False
ABC,DEF,2014-01-20T00:00:00+0000,38.8,kWh,electricity,False
ABC,DEF,2014-01-21T00:00:00+0000,85.5,kWh,electricity,False
ABC,DEF,2014-01-22T00:00:00+0000,56.5,kWh,electricity,False
ABC,DEF,2014-01-23T00:00:00+0000,70.9,kWh,electricity,True
ABC,DEF,2014-01-24T00:00:00+0000,66.6,kWh,electricity,False
ABC,DEF,2014-01-25T00:00:00+0000,23.0,kWh,electricity,False
ABC,DEF,2014-01-26T00:00:00+0000,22.4,kWh,electricity,False
ABC,DEF,2014-01-27T00:00:00+0000,51.3,kWh,electricity,False
ABC,DEF,2014-01-28T00:00:00+0000,83.3,kWh,electricity,True
ABC,DEF,2014-01-29T00:00:00+0000,88.6,kWh,electricity,False
ABC,DEF,2014-01-30T00:00:00+0000,29.1,kWh,electricity,False
ABC,DEF,2014-01-31T00:00:00+0000,46.7,kWh,electricity,False
ABC,DEF,2014-02-01T00:00:00+0000,54.7,kWh,electricity,False
ABC,DEF,2014-02-02T00:00:00+0000,68.2,kWh,electricity,False
ABC,DEF,2014-02-03T00:00:00+0000,67.5,kWh,electricity,False
ABC,DEF,2014-02-04T00:00:00+0000,48.4,kWh,electricity,False
ABC,DEF,2014-02-05T00:00:00+0000,48.6,kWh,electricity,False
ABC,DEF,2014-02-06T00:00:00+0000,67.1,kWh,electricity,True
ABC,DEF,2014-02-07T00:00:00+0000,102.7,kWh,electricity,False
ABC,DEF,2014-02-08T00:00:00+0000,41.3,kWh,electricity,False
ABC,DEF,2014-02-09T00:00:00+0000,40.4,kWh,electricity,False
ABC,DEF,2014-02-10T00:00:00+0000,88.7,kWh,electricity,False
ABC,DEF,2014-02-11T00:00:00+0000,75.7,kWh,electricity,False
ABC,DEF,2014-02-12T00:00:00+0000,50.4,kWh,electricity,False
ABC,DEF,2014-02-13T00:00:00+0000,53.0,kWh,electricity,False
ABC,DEF,2014-02-14T00:00:00+0000,59.7,kWh,electricity,False
ABC,DEF,2014-02-15T00:00:00+0000,42.7,kWh,electricity,False
ABC,DEF,2014-02-16T00:00:00+0000,44.2,kWh,electricity,False
ABC,DEF,2014-02-17T00:00:00+0000,32.9,kWh,electricity,False
ABC,DEF,2014-02-18T00:00:00+0000,19.4,kWh,electricity,True
ABC,DEF,2014-02-19T00:00:00+0000,38.5,kWh,electricity,False
ABC,DEF,2014-02-20T00:00:00+0000,29.4,kWh,electricity,False
ABC,DEF,2014-02-21T00:00:00+0000,46.2,kWh,electricity,False
ABC,DEF,2014-02-22T00:00:00+0000,32.5,kWh,electricity,True
ABC,DEF,2014-02-23T00:00:00+0000,61.4,kWh,electricity,False
ABC,DEF,2014-02-24T00:00:00+0000,44.8,kWh,electricity,False
ABC,DEF,2014-02-25T00:00:00+0000,82.2,kWh,electricity,False
ABC,DEF,2014-02-26T00:00:00+0000,55.6,kWh,electricity,False
ABC,DEF,2014-02-27T00:00:00+0000,105.1,kWh,electricity,False
ABC,DEF,2014-02-28T00:00:00+0000,36.9,kWh,electricity,False
ABC,DEF,2014-03-01T00:00:00+0000,38.2,kWh,electricity,False
ABC,DEF,2014-03-02T00:00:00+0000,57.5,kWh,electricity,False
ABC,DEF,2014-03-03T00:00:00+0000,63.6,kWh,electricity,False
ABC,DEF,2014-03-04T00:00:00+0000,47.9,kWh,electricity,False
ABC,DEF,2014-03-05T00:00:00+0000,50.0,kWh,electricity,False
ABC,DEF,2014-03-06T00:00:00+0000,47.3,kWh,electricity,False
ABC,DEF,2014-03-07T00:00:00+0000,34.6,kWh,electricity,False
ABC,DEF,2014-03-08T00:00:00+0000,32.0,kWh,electricity,False
ABC,DEF,2014-03-09T00:00:00+0000,22.7,kWh,electricity,False
ABC,DEF,2014-03-10T00:00:00+0000,12.6,kWh,electricity,False
ABC,DEF,2014-03-11T00:00:00+0000,17.7,kWh,electricity,False
ABC,DEF,2014-03-12T00:00:00+0000,35.2,kWh,electricity,False
ABC,DEF,2014-03-13T00:00:00+0000,26.1,kWh,electricity,False
ABC,DEF,2014-03-14T00:00:00+0000,16.5,kWh,electricity,False
ABC,DEF,2014-03-15T00:00:00+0000,24.4,kWh,electricity,False
ABC,DEF,2014-03-16T00:00:00+0000,26.9,kWh,electricity,False
ABC,DEF,2014-03-17T00:00:00+0000,32.9,kWh,electricity,True
ABC,DEF,2014-03-18T00:00:00+0000,24.9,kWh,electricity,False
ABC,DEF,2014-03-19T00:00:00+0000,31.7,kWh,electricity,True
ABC,DEF,2014-03-20T00:00:00+0000,21.4,kWh,electricity,False
ABC,DEF,2014-03-21T00:00:00+0000,21.7,kWh,electricity,False
ABC,DEF,2014-03-22T00:00:00+0000,52.3,kWh,electricity,False
ABC,DEF,2014-03-23T00:00:00+0000,38.5,kWh,electricity,False
ABC,DEF,2014-03-24T00:00:00+0000,30.5,kWh,electricity,False
ABC,DEF,2014-03-25T00:00:00+0000,38.9,kWh,electricity,False
ABC,DEF,2014-03-26T00:00:00+0000,39.3,kWh,electricity,False
ABC,DEF,2014-03-27T00:00:00+0000,32.9,kWh,electricity,False
ABC,DEF,2014-03-28T00:00:00+0000,34.7,kWh,electricity,False
ABC,DEF,2014-03-29T00:00:00+0000,23.7,kWh,electricity,False
ABC,DEF,2014-03-30T00:00:00+0000,18.3,kWh,electricity,False
ABC,DEF,2014-03-31T00:00:00+0000,4.6,kWh,electricity,True
ABC,DEF,2014-04-01T00:00:00+0000,27.0,kWh,electricity,False
ABC,DEF,2014-04-02T00:00:00+0000,32.6,kWh,electricity,False
ABC,DEF,2014-04-03T00:00:00+0000,39.6,kWh,electricity,False
ABC,DEF,2014-04-04T00:00:00+0000,32.7,kWh,electricity,False
ABC,DEF,2014-04-05T00:00:00+0000,27.7,kWh,electricity,False
ABC,DEF,2014-04-06T00:00:00+0000,14.1,kWh,electricity,False
ABC,DEF,2014-04-07T00:00:00+0000,18.6,kWh,electricity,False
ABC,DEF,2014-04-08T00:00:00+0000,19.1,kWh,electricity,False
ABC,DEF,2014-04-09T00:00:00+0000,20.6,kWh,electricity,False
ABC,DEF,2014-04-10T00:00:00+0000,4.0,kWh,electricity,False
ABC,DEF,2014-04-11T00:00:00+0000,8.8,kWh,electricity,False
ABC,DEF,2014-04-12T00:00:00+0000,4.9,kWh,electricity,False
ABC,DEF,2014-04-13T00:00:00+0000,11.2,kWh,electricity,False
ABC,DEF,2014-04-14T00:00:00+0000,31.3,kWh,electricity,False
ABC,DEF,2014-04-15T00:00:00+0000,29.8,kWh,electricity,False
ABC,DEF,2014-04-16T00:00:00+0000,29.9,kWh,electricity,False
ABC,DEF,2014-04-17T00:00:00+0000,21.3,kWh,electricity,False
ABC,DEF,2014-04-18T00:00:00+0000,18.1,kWh,electricity,False
ABC,DEF,2014-04-19T00:00:00+0000,2.8,kWh,electricity,False
ABC,DEF,2014-04-20T00:00:00+0000,5.8,kWh,electricity,False
ABC,DEF,2014-04-21T00:00:00+0000,4.1,kWh,electricity,False
ABC,DEF,2014-04-22T00:00:00+0000,6.5,kWh,electricity,False
ABC,DEF,2014-04-23T00:00:00+0000,15.2,kWh,electricity,False
ABC,DEF,2014-04-24T00:00:00+0000,14.1,kWh,electricity,False
ABC,DEF,2014-04-25T00:00:00+0000,4.7,kWh,electricity,False
ABC,DEF,2014-04-26T00:00:00+0000,0.8,kWh,electricity,False
ABC,DEF,2014-04-27T00:00:00+0000,7.6,kWh,electricity,False
ABC,DEF,2014-04-28T00:00:00+0000,6.1,kWh,electricity,False
ABC,DEF,2014-04-29T00:00:00+0000,18.2,kWh,electricity,False
ABC,DEF,2014-04-30T00:00:00+0000,23.4,kWh,electricity,False
ABC,DEF,2014-05-01T00:00:00+0000,19.6,kWh,electricity,False
ABC,DEF,2014-05-02T00:00:00+0000,16.9,kWh,electricity,False
ABC,DEF,2014-05-03T00:00:00+0000,4.2,kWh,electricity,False
ABC,DEF,2014-05-04T00:00:00+0000,11.0,kWh,electricity,False
ABC,DEF,2014-05-05T00:00:00+0000,7.1,kWh,electricity,False
ABC,DEF,2014-05-06T00:00:00+0000,3.4,kWh,electricity,False
ABC,DEF,2014-05-07T00:00:00+0000,9.1,kWh,electricity,False
ABC,DEF,2014-05-08T00:00:00+0000,14.1,kWh,electricity,False
ABC,DEF,2014-05-09T00:00:00+0000,5.0,kWh,electricity,False
ABC,DEF,2014-05-10T00:00:00+0000,1.7,kWh,electricity,False
ABC,DEF,2014-05-11T00:00:00+0000,0.3,kWh,electricity,False
ABC,DEF,2014-05-12T00:00:00+0000,2.2,kWh,electricity,False
ABC,DEF,2014-05-13T00:00:00+0000,9.1,kWh,electricity,True
ABC,DEF,2014-05-14T00:00:00+0000,13.3,kWh,electricity,False
ABC,DEF,2014-05-15T00:00:00+0000,15.2,kWh,electricity,False
ABC,DEF,2014-05-16T00:00:00+0000,19.2,kWh,electricity,False
ABC,DEF,2014-05-17T00:00:00+0000,13.4,kWh,electricity,False
ABC,DEF,2014-05-18T00:00:00+0000,7.1,kWh,electricity,False
ABC,DEF,2014-05-19T00:00:00+0000,0.8,kWh,electricity,False
ABC,DEF,2014-05-20T00:00:00+0000,15.1,kWh,electricity,False
ABC,DEF,2014-05-21T00:00:00+0000,11.9,kWh,electricity,False
ABC,DEF,2014-05-22T00:00:00+0000,0.7,kWh,electricity,False
ABC,DEF,2014-05-23T00:00:00+0000,2.4,kWh,electricity,False
ABC,DEF,2014-05-24T00:00:00+0000,5.5,kWh,electricity,False
ABC,DEF,2014-05-25T00:00:00+0000,4.6,kWh,electricity,False
ABC,DEF,2014-05-26T00:00:00+0000,7.7,kWh,electricity,False
ABC,DEF,2014-05-27T00:00:00+0000,9.8,kWh,electricity,False
ABC,DEF,2014-05-28T00:00:00+0000,9.9,kWh,electricity,False
ABC,DEF,2014-05-29T00:00:00+0000,11.2,kWh,electricity,False
ABC,DEF,2014-05-30T00:00:00+0000,20.5,kWh,electricity,False
ABC,DEF,2014-05-31T00:00:00+0000,9.2,kWh,electricity,False
ABC,DEF,2014-06-01T00:00:00+0000,18.1,kWh,electricity,False
ABC,DEF,2014-06-02T00:00:00+0000,8.4,kWh,electricity,False
ABC,DEF,2014-06-03T00:00:00+0000,11.1,kWh,electricity,False
ABC,DEF,2014-06-04T00:00:00+0000,5.7,kWh,electricity,False
ABC,DEF,2014-06-05T00:00:00+0000,4.5,kWh,electricity,False
ABC,DEF,2014-06-06T00:00:00+0000,14.9,kWh,electricity,False
ABC,DEF,2014-06-07T00:00:00+0000,4.8,kWh,electricity,False
ABC,DEF,2014-06-08T00:00:00+0000,0.2,kWh,electricity,False
ABC,DEF,2014-06-09T00:00:00+0000,2.8,kWh,electricity,False
ABC,DEF,2014-06-10T00:00:00+0000,5.3,kWh,electricity,False
ABC,DEF,2014-06-11T00:00:00+0000,7.0,kWh,electricity,False
ABC,DEF,2014-06-12T00:00:00+0000,6.6,kWh,electricity,False
ABC,DEF,2014-06-13T00:00:00+0000,1.9,kWh,electricity,False
ABC,DEF,2014-06-14T00:00:00+0000,5.5,kWh,electricity,False
ABC,DEF,2014-06-15T00:00:00+0000,14.0,kWh,electricity,False
ABC,DEF,2014-06-16T00:00:00+0000,13.4,kWh,electricity,False
ABC,DEF,2014-06-17T00:00:00+0000,16.3,kWh,electricity,False
ABC,DEF,2014-06-18T00:00:00+0000,19.5,kWh,electricity,False
ABC,DEF,2014-06-19T00:00:00+0000,10.9,kWh,electricity,False
ABC,DEF,2014-06-20T00:00:00+0000,7.2,kWh,electricity,False
ABC,DEF,2014-06-21T00:00:00+0000,10.9,kWh,electricity,False
ABC,DEF,2014-06-22T00:00:00+0000,14.0,kWh,electricity,False
ABC,DEF,2014-06-23T00:00:00+0000,10.3,kWh,electricity,False
ABC,DEF,2014-06-24T00:00:00+0000,14.0,kWh,electricity,False
ABC,DEF,2014-06-25T00:00:00+0000,10.6,kWh,electricity,False
ABC,DEF,2014-06-26T00:00:00+0000,8.4,kWh,electricity,False
ABC,DEF,2014-06-27T00:00:00+0000,7.0,kWh,electricity,False
ABC,DEF,2014-06-28T00:00:00+0000,13.8,kWh,electricity,False
ABC,DEF,2014-06-29T00:00:00+0000,10.4,kWh,electricity,False
ABC,DEF,2014-06-30T00:00:00+0000,10.1,kWh,electricity,False
ABC,DEF,2014-07-01T00:00:00+0000,6.8,kWh,electricity,False
ABC,DEF,2014-07-02T00:00:00+0000,3.4,kWh,electricity,False
ABC,DEF,2014-07-03T00:00:00+0000,0.9,kWh,electricity,False
ABC,DEF,2014-07-04T00:00:00+0000,7.5,kWh,electricity,False
ABC,DEF,2014-07-05T00:00:00+0000,5.2,kWh,electricity,False
ABC,DEF,2014-07-06T00:00:00+0000,13.7,kWh,electricity,False
ABC,DEF,2014-07-07T00:00:00+0000,18.0,kWh,electricity,False
ABC,DEF,2014-07-08T00:00:00+0000,15.6,kWh,electricity,False
ABC,DEF,2014-07-09T00:00:00+0000,8.0,kWh,electricity,False
ABC,DEF,2014-07-10T00:00:00+0000,7.7,kWh,electricity,False
ABC,DEF,2014-07-11T00:00:00+0000,7.1,kWh,electricity,False
ABC,DEF,2014-07-12T00:00:00+0000,9.1,kWh,electricity,False
ABC,DEF,2014-07-13T00:00:00+0000,11.6,kWh,electricity,False
ABC,DEF,2014-07-14T00:00:00+0000,10.2,kWh,electricity,False
ABC,DEF,2014-07-15T00:00:00+0000,1.3,kWh,electricity,False
ABC,DEF,2014-07-16T00:00:00+0000,3.2,kWh,electricity,False
ABC,DEF,2014-07-17T00:00:00+0000,5.2,kWh,electricity,False
ABC,DEF,2014-07-18T00:00:00+0000,7.1,kWh,electricity,False
ABC,DEF,2014-07-19T00:00:00+0000,6.3,kWh,electricity,False
ABC,DEF,2014-07-20T00:00:00+0000,7.2,kWh,electricity,False
ABC,DEF,2014-07-21T00:00:00+0000,22.6,kWh,electricity,False
ABC,DEF,2014-07-22T00:00:00+0000,21.2,kWh,electricity,False
ABC,DEF,2014-07-23T00:00:00+0000,15.5,kWh,electricity,False
ABC,DEF,2014-07-24T00:00:00+0000,9.9,kWh,electricity,False
ABC,DEF,2014-07-25T00:00:00+0000,14.7,kWh,electricity,False
ABC,DEF,2014-07-26T00:00:00+0000,18.1,kWh,electricity,False
ABC,DEF,2014-07-27T00:00:00+0000,14.4,kWh,electricity,False
ABC,DEF,2014-07-28T00:00:00+0000,6.9,kWh,electricity,False
ABC,DEF,2014-07-29T00:00:00+0000,3.6,kWh,electricity,False
ABC,DEF,2014-07-30T00:00:00+0000,5.0,kWh,electricity,False
ABC,DEF,2014-07-31T00:00:00+0000,9.0,kWh,electricity,False
ABC,DEF,2014-08-01T00:00:00+0000,10.9,kWh,electricity,True
ABC,DEF,2014-08-02T00:00:00+0000,12.3,kWh,electricity,False
ABC,DEF,2014-08-03T00:00:00+0000,14.9,kWh,electricity,False
ABC,DEF,2014-08-04T00:00:00+0000,15.0,kWh,electricity,False
ABC,DEF,2014-08-05T00:00:00+0000,12.6,kWh,electricity,False
ABC,DEF,2014-08-06T00:00:00+0000,6.2,kWh,electricity,False
ABC,DEF,2014-08-07T00:00:00+0000,5.8,kWh,electricity,False
ABC,DEF,2014-08-08T00:00:00+0000,7.3,kWh,electricity,False
ABC,DEF,2014-08-09T00:00:00+0000,6.6,kWh,electricity,False
ABC,DEF,2014-08-10T00:00:00+0000,6.9,kWh,electricity,False
ABC,DEF,2014-08-11T00:00:00+0000,14.2,kWh,electricity,False
ABC,DEF,2014-08-12T00:00:00+0000,5.1,kWh,electricity,False
ABC,DEF,2014-08-13T00:00:00+0000,6.4,kWh,electricity,False
ABC,DEF,2014-08-14T00:00:00+0000,11.3,kWh,electricity,False
ABC,DEF,2014-08-15T00:00:00+0000,7.1,kWh,electricity,False
ABC,DEF,2014-08-16T00:00:00+0000,8.0,kWh,electricity,False
ABC,DEF,2014-08-17T00:00:00+0000,8.0,kWh,electricity,False
ABC,DEF,2014-08-18T00:00:00+0000,16.8,kWh,electricity,False
ABC,DEF,2014-08-19T00:00:00+0000,11.9,kWh,electricity,False
ABC,DEF,2014-08-20T00:00:00+0000,12.7,kWh,electricity,False
ABC,DEF,2014-08-21T00:00:00+0000,22.1,kWh,electricity,False
ABC,DEF,2014-08-22T00:00:00+0000,19.6,kWh,electricity,False
ABC,DEF,2014-08-23T00:00:00+0000,12.4,kWh,electricity,False
ABC,DEF,2014-08-24T00:00:00+0000,12.0,kWh,electricity,False
ABC,DEF,2014-08-25T00:00:00+0000,29.8,kWh,electricity,False
ABC,DEF,2014-08-26T00:00:00+0000,12.6,kWh,electricity,False
ABC,DEF,2014-08-27T00:00:00+0000,12.9,kWh,electricity,False
ABC,DEF,2014-08-28T00:00:00+0000,8.4,kWh,electricity,True
ABC,DEF,2014-08-29T00:00:00+0000,11.1,kWh,electricity,False
ABC,DEF,2014-08-30T00:00:00+0000,10.2,kWh,electricity,False
ABC,DEF,2014-08-31T00:00:00+0000,14.0,kWh,electricity,False
ABC,DEF,2014-09-01T00:00:00+0000,12.8,kWh,electricity,False
ABC,DEF,2014-09-02T00:00:00+0000,10.0,kWh,electricity,False
ABC,DEF,2014-09-03T00:00:00+0000,11.8,kWh,electricity,False
ABC,DEF,2014-09-04T00:00:00+0000,13.0,kWh,electricity,False
ABC,DEF,2014-09-05T00:00:00+0000,5.3,kWh,electricity,False
ABC,DEF,2014-09-06T00:00:00+0000,2.8,kWh,electricity,False
ABC,DEF,2014-09-07T00:00:00+0000,0.7,kWh,electricity,False
ABC,DEF,2014-09-08T00:00:00+0000,0.2,kWh,electricity,False
ABC,DEF,2014-09-09T00:00:00+0000,10.0,kWh,electricity,False
ABC,DEF,2014-09-10T00:00:00+0000,1.9,kWh,electricity,False
ABC,DEF,2014-09-11T00:00:00+0000,6.5,kWh,electricity,False
ABC,DEF,2014-09-12T00:00:00+0000,13.2,kWh,electricity,False
ABC,DEF,2014-09-13T00:00:00+0000,20.3,kWh,electricity,False
ABC,DEF,2014-09-14T00:00:00+0000,10.9,kWh,electricity,False
ABC,DEF,2014-09-15T00:00:00+0000,6.8,kWh,electricity,False
ABC,DEF,2014-09-16T00:00:00+0000,7.0,kWh,electricity,False
ABC,DEF,2014-09-17T00:00:00+0000,1.8,kWh,electricity,False
ABC,DEF,2014-09-18T00:00:00+0000,1.0,kWh,electricity,True
ABC,DEF,2014-09-19T00:00:00+0000,2.0,kWh,electricity,False
ABC,DEF,2014-09-20T00:00:00+0000,9.7,kWh,electricity,False
ABC,DEF,2014-09-21T00:00:00+0000,0.1,kWh,electricity,False
ABC,DEF,2014-09-22T00:00:00+0000,3.6,kWh,electricity,False
ABC,DEF,2014-09-23T00:00:00+0000,2.6,kWh,electricity,False
ABC,DEF,2014-09-24T00:00:00+0000,3.6,kWh,electricity,False
ABC,DEF,2014-09-25T00:00:00+0000,2.7,kWh,electricity,False
ABC,DEF,2014-09-26T00:00:00+0000,8.8,kWh,electricity,False
ABC,DEF,2014-09-27T00:00:00+0000,6.7,kWh,electricity,False
ABC,DEF,2014-09-28T00:00:00+0000,5.1,kWh,electricity,False
ABC,DEF,2014-09-29T00:00:00+0000,7.1,kWh,electricity,False
ABC,DEF,2014-09-30T00:00:00+0000,0.7,kWh,electricity,False
ABC,DEF,2014-10-01T00:00:00+0000,0.6,kWh,electricity,False
ABC,DEF,2014-10-02T00:00:00+0000,0.1,kWh,electricity,False
ABC,DEF,2014-10-03T00:00:00+0000,18.6,kWh,electricity,False
ABC,DEF,2014-10-04T00:00:00+0000,23.2,kWh,electricity,False
ABC,DEF,2014-10-05T00:00:00+0000,9.8,kWh,electricity,False
ABC,DEF,2014-10-06T00:00:00+0000,12.2,kWh,electricity,False
ABC,DEF,2014-10-07T00:00:00+0000,3.9,kWh,electricity,False
ABC,DEF,2014-10-08T00:00:00+0000,7.8,kWh,electricity,False
ABC,DEF,2014-10-09T00:00:00+0000,11.0,kWh,electricity,False
ABC,DEF,2014-10-10T00:00:00+0000,23.0,kWh,electricity,False
ABC,DEF,2014-10-11T00:00:00+0000,16.0,kWh,electricity,True
ABC,DEF,2014-10-12T00:00:00+0000,23.6,kWh,electricity,False
ABC,DEF,2014-10-13T00:00:00+0000,17.3,kWh,electricity,False
ABC,DEF,2014-10-14T00:00:00+0000,18.7,kWh,electricity,False
ABC,DEF,2014-10-15T00:00:00+0000,9.3,kWh,electricity,False
ABC,DEF,2014-10-16T00:00:00+0000,11.0,kWh,electricity,False
ABC,DEF,2014-10-17T00:00:00+0000,10.4,kWh,electricity,False
ABC,DEF,2014-10-18T00:00:00+0000,14.3,kWh,electricity,False
ABC,DEF,2014-10-19T00:00:00+0000,14.9,kWh,electricity,False
ABC,DEF,2014-10-20T00:00:00+0000,8.8,kWh,electricity,False
ABC,DEF,2014-10-21T00:00:00+0000,13.2,kWh,electricity,False
ABC,DEF,2014-10-22T00:00:00+0000,17.0,kWh,electricity,False
ABC,DEF,2014-10-23T00:00:00+0000,5.8,kWh,electricity,False
ABC,DEF,2014-10-24T00:00:00+0000,8.3,kWh,electricity,False
ABC,DEF,2014-10-25T00:00:00+0000,4.3,kWh,electricity,False
ABC,DEF,2014-10-26T00:00:00+0000,5.3,kWh,electricity,False
ABC,DEF,2014-10-27T00:00:00+0000,1.4,kWh,electricity,False
ABC,DEF,2014-10-28T00:00:00+0000,13.1,kWh,electricity,False
ABC,DEF,2014-10-29T00:00:00+0000,22.1,kWh,electricity,False
ABC,DEF,2014-10-30T00:00:00+0000,22.9,kWh,electricity,False
ABC,DEF,2014-10-31T00:00:00+0000,42.9,kWh,electricity,False
ABC,DEF,2014-11-01T00:00:00+0000,33.8,kWh,electricity,False
ABC,DEF,2014-11-02T00:00:00+0000,16.1,kWh,electricity,True
ABC,DEF,2014-11-03T00:00:00+0000,12.0,kWh,electricity,False
ABC,DEF,2014-11-04T00:00:00+0000,13.9,kWh,electricity,False
ABC,DEF,2014-11-05T00:00:00+0000,19.7,kWh,electricity,False
ABC,DEF,2014-11-06T00:00:00+0000,19.1,kWh,electricity,False
ABC,DEF,2014-11-07T00:00:00+0000,29.2,kWh,electricity,False
ABC,DEF,2014-11-08T00:00:00+0000,23.6,kWh,electricity,False
ABC,DEF,2014-11-09T00:00:00+0000,16.8,kWh,electricity,False
ABC,DEF,2014-11-10T00:00:00+0000,13.5,kWh,electricity,False
ABC,DEF,2014-11-11T00:00:00+0000,34.0,kWh,electricity,False
ABC,DEF,2014-11-12T00:00:00+0000,44.1,kWh,electricity,True
ABC,DEF,2014-11-13T00:00:00+0000,46.3,kWh,electricity,False
ABC,DEF,2014-11-14T00:00:00+0000,59.8,kWh,electricity,False
ABC,DEF,2014-11-15T00:00:00+0000,27.8,kWh,electricity,False
ABC,DEF,2014-11-16T00:00:00+0000,55.2,kWh,electricity,False
ABC,DEF,2014-11-17T00:00:00+0000,51.4,kWh,electricity,False
ABC,DEF,2014-11-18T00:00:00+0000,41.8,kWh,electricity,False
ABC,DEF,2014-11-19T00:00:00+0000,51.0,kWh,electricity,False
ABC,DEF,2014-11-20T00:00:00+0000,54.9,kWh,electricity,False
ABC,DEF,2014-11-21T00:00:00+0000,66.8,kWh,electricity,False
ABC,DEF,2014-11-22T00:00:00+0000,21.8,kWh,electricity,False
ABC,DEF,2014-11-23T00:00:00+0000,13.2,kWh,electricity,False
ABC,DEF,2014-11-24T00:00:00+0000,34.9,kWh,electricity,False
ABC,DEF,2014-11-25T00:00:00+0000,33.1,kWh,electricity,False
ABC,DEF,2014-11-26T00:00:00+0000,35.9,kWh,electricity,False
ABC,DEF,2014-11-27T00:00:00+0000,59.8,kWh,electricity,False
ABC,DEF,2014-11-28T00:00:00+0000,39.7,kWh,electricity,True
ABC,DEF,2014-11-29T00:00:00+0000,19.4,kWh,electricity,False
ABC,DEF,2014-11-30T00:00:00+0000,47.2,kWh,electricity,False
ABC,DEF,2014-12-01T00:00:00+0000,65.9,kWh,electricity,False
ABC,DEF,2014-12-02T00:00:00+0000,56.1,kWh,electricity,False
ABC,DEF,2014-12-03T00:00:00+0000,47.3,kWh,electricity,False
ABC,DEF,2014-12-04T00:00:00+0000,36.4,kWh,electricity,False
ABC,DEF,2014-12-05T00:00:00+0000,55.0,kWh,electricity,False
ABC,DEF,2014-12-06T00:00:00+0000,32.5,kWh,electricity,False
ABC,DEF,2014-12-07T00:00:00+0000,42.5,kWh,electricity,False
ABC,DEF,2014-12-08T00:00:00+0000,29.2,kWh,electricity,False
ABC,DEF,2014-12-09T00:00:00+0000,42.7,kWh,electricity,False
ABC,DEF,2014-12-10T00:00:00+0000,36.8,kWh,electricity,False
ABC,DEF,2014-12-11T00:00:00+0000,35.3,kWh,electricity,False
ABC,DEF,2014-12-12T00:00:00+0000,28.8,kWh,electricity,False
ABC,DEF,2014-12-13T00:00:00+0000,16.7,kWh,electricity,False
ABC,DEF,2014-12-14T00:00:00+0000,19.1,kWh,electricity,False
ABC,DEF,2014-12-15T00:00:00+0000,20.1,kWh,electricity,False
ABC,DEF,2014-12-16T00:00:00+0000,47.3,kWh,electricity,False
ABC,DEF,2014-12-17T00:00:00+0000,72.4,kWh,electricity,False
ABC,DEF,2014-12-18T00:00:00+0000,34.5,kWh,electricity,False
ABC,DEF,2014-12-19T00:00:00+0000,43.8,kWh,electricity,False
ABC,DEF,2014-12-20T00:00:00+0000,38.0,kWh,electricity,False
ABC,DEF,2014-12-21T00:00:00+0000,34.5,kWh,electricity,False
ABC,DEF,2014-12-22T00:00:00+0000,21.5,kWh,electricity,False
ABC,DEF,2014-12-23T00:00:00+0000,25.8,kWh,electricity,False
ABC,DEF,2014-12-24T00:00:00+0000,43.5,kWh,electricity,False
ABC,DEF,2014-12-25T00:00:00+0000,34.1,kWh,electricity,False
ABC,DEF,2014-12-26T00:00:00+0000,28.2,kWh,electricity,False
ABC,DEF,2014-12-27T00:00:00+0000,32.3,kWh,electricity,False
ABC,DEF,2014-12-28T00:00:00+0000,55.7,kWh,electricity,False
ABC,DEF,2014-12-29T00:00:00+0000,72.1,kWh,electricity,False
ABC,DEF,2014-12-30T00:00:00+0000,60.2,kWh,electricity,False
ABC,DEF,2014-12-31T00:00:00+0000,73.0,kWh,electricity,False
ABC,DEF,2015-01-01T00:00:00+0000,,kWh,electricity,False
